sigungu_cd,bjdong_cd,대지위치,건물명,주용도,세대수,사용승인일,연식,연면적(㎡),전기_연간사용량(kWh),가스_연간사용량(MJ),전기_EUI,가스_EUI
29170,10100,광주광역시 북구 중흥동 41번지,,제1종근린생활시설,0,19940910,32,17.64,1196.0,0.0,67.80045351473923,0.0
29170,10100,광주광역시 북구 중흥동 105번지,,제2종근린생활시설,0,19931124,33,509.96,22375.0,4344.0,43.875990273746964,8.518315161973488
29170,10100,광주광역시 북구 중흥동 116-1번지,,기타제1종근린생활시설,0,19941031,32,295.52,25338.0,13437.0,85.74038982133189,45.469003789929616
29170,10100,광주광역시 북구 중흥동 152-1번지,,소매점,0,19920918,34,71.04,4901.0,0.0,68.9893018018018,0.0
29170,10100,광주광역시 북구 중흥동 156번지,,제1종근린생활시설,0,19920806,34,148.82,20712.0,0.0,139.1748420911168,0.0
29170,10100,광주광역시 북구 중흥동 158-3번지,,제2종근린생활시설,0,19920824,34,493.67,12281.0,4568.0,24.87694208681913,9.253144813336844
29170,10100,광주광역시 북구 중흥동 165번지,,제1종근린생활시설,0,19900228,36,197.31,8798.0,14473.0,44.58973189397395,73.35157873397192
29170,10100,광주광역시 북구 중흥동 171-1번지,,제2종근린생활시설,0,19870822,39,1.62,2.0,0.0,1.2345679012345678,0.0
29170,10100,광주광역시 북구 중흥동 171-1번지,,제2종근린생활시설,0,19870822,39,244.935,2.0,0.0,0.00816543164513034,0.0
29170,10100,광주광역시 북구 중흥동 178-1번지,,제1종근린생활시설,0,19941228,32,151.82,5386.0,142.0,35.47622184165459,0.9353181399025162
29170,10100,광주광역시 북구 중흥동 185-2번지,,제1종근린생활시설,0,19881220,38,411.08,4373.0,0.0,10.637832052155298,0.0
29170,10100,광주광역시 북구 중흥동 185-5번지,,제1종근린생활시설,0,19911205,35,125.5,12478.0,0.0,99.42629482071713,0.0
29170,10100,광주광역시 북구 중흥동 187번지,,제1종근린생활시설,0,19950617,31,109.45,22939.0,7086.0,209.58428506167198,64.74189127455459
29170,10100,광주광역시 북구 중흥동 199번지,,제1종근린생활시설,0,19860826,40,114.67,2882.0,10865.0,25.132990320048837,94.75015261184268
29170,10100,광주광역시 북구 중흥동 199-1번지,,제1종근린생활시설,0,19860826,40,122.785,9873.0,15359.0,80.40884472859062,125.0885694506658
29170,10100,광주광역시 북구 중흥동 206번지,,제1종근린생활시설,0,19900223,36,198.31,30554.0,4335.0,154.07190761938378,21.85971458827089
29170,10100,광주광역시 북구 중흥동 209-1번지,,제2종근린생활시설,0,19740404,52,48.92,127.0,0.0,2.596075224856909,0.0
29170,10100,광주광역시 북구 중흥동 211-1번지,,제1종근린생활시설,0,19791231,47,1.62,6791.0,0.0,4191.975308641975,0.0
29170,10100,광주광역시 북구 중흥동 211-1번지,,제2종근린생활시설,0,19791231,47,161.38,6791.0,0.0,42.08080307349114,0.0
29170,10100,광주광역시 북구 중흥동 224-94번지,,제1종근린생활시설,0,19861121,40,196.85,35684.0,2874.0,181.2750825501651,14.5999491998984
29170,10100,광주광역시 북구 중흥동 245-4번지,,제2종근린생활시설,0,19800625,46,67.93,53.0,0.0,0.7802149271308699,0.0
29170,10100,광주광역시 북구 중흥동 259-1번지,,제1종근린생활시설,0,19950626,31,289.18,36122.0,0.0,124.9118196279134,0.0
29170,10100,광주광역시 북구 중흥동 259-3번지,,제1종근린생활시설,0,19940712,32,219.715,42259.0,54544.0,192.33552556721207,248.24886785153492
29170,10100,광주광역시 북구 중흥동 259-4번지,,제2종근린생활시설,0,19930705,33,492.88,57044.0,0.0,115.7360818049018,0.0
29170,10100,광주광역시 북구 중흥동 259-5번지,,제2종근린생활시설,0,19961207,30,287.75,72658.0,62547.0,252.503909643788,217.36576889661166
29170,10100,광주광역시 북구 중흥동 259-11번지,,제1종근린생활시설,2,19951020,31,597.93,84225.0,7872.0,140.86097034769958,13.1654207014199
29170,10100,광주광역시 북구 중흥동 259-17번지,,제1종근린생활시설,0,19870912,39,135.72,38449.0,48845.0,283.2964927792514,359.8953728264073
29170,10100,광주광역시 북구 중흥동 259-18번지,,제2종근린생활시설,0,19830828,43,107.01,7785.0,0.0,72.75021026072329,0.0
29170,10100,광주광역시 북구 중흥동 259-23번지,,제1종근린생활시설,0,19810518,45,162.21,36667.0,14180.0,226.04648295419517,87.41754515751187
29170,10100,광주광역시 북구 중흥동 259-37번지,,제1종근린생활시설,0,19930506,33,360.5,40616.0,0.0,112.66574202496533,0.0
29170,10100,광주광역시 북구 중흥동 260-45번지,,제1종근린생활시설,0,19821207,44,157.69,30939.0,26262.0,196.20140782548037,166.5419493943814
29170,10100,광주광역시 북구 중흥동 261-21번지,,제2종근린생활시설,0,19830422,43,141.39,19242.0,0.0,136.0916613621897,0.0
29170,10100,광주광역시 북구 중흥동 261-23번지,,제1종근린생활시설,0,19830604,43,123.77,2945.0,5968.0,23.794134281328272,48.21846974226388
29170,10100,광주광역시 북구 중흥동 263-11번지,,제1종근린생활시설,0,19870703,39,164.03,845.0,15524.0,5.151496677437054,94.64122416631103
29170,10100,광주광역시 북구 중흥동 264-1번지,,제1종근린생활시설,0,19840812,42,161.61,6342.0,12547.0,39.24262112493039,77.63752243054266
29170,10100,광주광역시 북구 중흥동 264-2번지,,제1종근린생활시설,0,19860130,40,154.63,7279.0,22453.0,47.07365970380909,145.2046821444739
29170,10100,광주광역시 북구 중흥동 264-14번지,,제1종근린생활시설,0,19820208,44,114.44,130.0,0.0,1.1359664452988465,0.0
29170,10100,광주광역시 북구 중흥동 264-17번지,,제1종근린생활시설,0,19810528,45,160.3,5390.0,0.0,33.624454148471614,0.0
29170,10100,광주광역시 북구 중흥동 264-20번지,,제1종근린생활시설,0,19810213,45,163.51,13345.0,11197.0,81.61580331478197,68.47899211057428
29170,10100,광주광역시 북구 중흥동 264-21번지,,제1종근린생활시설,0,19820312,44,176.924,9452.0,9861.0,53.42406909181343,55.735796161063504
29170,10100,광주광역시 북구 중흥동 264-22번지,,제1종근린생활시설,0,19810609,45,114.0,25398.0,4851.0,222.78947368421052,42.55263157894737
29170,10100,광주광역시 북구 중흥동 264-25번지,,제1종근린생활시설,0,19810813,45,105.245,3553.0,9083.0,33.75932348330087,86.30338733431516
29170,10100,광주광역시 북구 중흥동 264-38번지,,제1종근린생활시설,0,19861103,40,113.43,4013.0,459.0,35.37864762408534,4.046548532134356
29170,10100,광주광역시 북구 중흥동 265-8번지,,제1종근린생활시설,0,19890223,37,154.72,3288.0,6787.0,21.25129265770424,43.86633919338159
29170,10100,광주광역시 북구 중흥동 265-25번지,,제1종근린생활시설,0,19800816,46,136.6975,11287.0,7923.0,82.56917646628506,57.96009436895335
29170,10100,광주광역시 북구 중흥동 266-7번지,,제1종근린생활시설,0,19860701,40,136.83,14243.0,6892.0,104.09266973616896,50.36907111013666
29170,10100,광주광역시 북구 중흥동 266-8번지,,제1종근린생활시설,0,19831008,43,141.57,7018.0,19235.0,49.572649572649574,135.8691813237268
29170,10100,광주광역시 북구 중흥동 266-9번지,,제2종근린생활시설,1,19801229,46,125.66,18321.0,12814.0,145.79818558013687,101.97357950023874
29170,10100,광주광역시 북구 중흥동 266-19번지,,제1종근린생활시설,0,19850912,41,143.3,6380.0,0.0,44.52198185624564,0.0
29170,10100,광주광역시 북구 중흥동 266-34번지,,제1종근린생활시설,0,19870430,39,177.18,24700.0,5363.0,139.40625352748617,30.268653346878878
29170,10100,광주광역시 북구 중흥동 267-22번지,,제1종근린생활시설,0,19831229,43,134.1,4657.0,9687.0,34.727815063385535,72.23713646532438
29170,10100,광주광역시 북구 중흥동 267-32번지,,제1종근린생활시설,0,19820907,44,185.45,20458.0,13938.0,110.31544890806148,75.15772445403074
29170,10100,광주광역시 북구 중흥동 267-33번지,,제1종근린생활시설,0,19881208,38,378.7,29733.0,16258.0,78.51333509374174,42.931080010562454
29170,10100,광주광역시 북구 중흥동 267-34번지,,제1종근린생활시설,0,19880518,38,138.25,9044.0,20311.0,65.41772151898734,146.91500904159133
29170,10100,광주광역시 북구 중흥동 268-12번지,,제1종근린생활시설,0,19861107,40,146.54,12880.0,9027.0,87.89409035075748,61.60092807424594
29170,10100,광주광역시 북구 중흥동 268-13번지,,제1종근린생활시설,0,19870729,39,130.85,2839.0,3912.0,21.69659915934276,29.89682842949943
29170,10100,광주광역시 북구 중흥동 268-19번지,,제2종근린생활시설,0,19880803,38,123.55,18417.0,10641.0,149.06515580736544,86.12707405908539
29170,10100,광주광역시 북구 중흥동 268-20번지,,제2종근린생활시설,0,19861031,40,148.79,20508.0,11477.0,137.83184353787217,77.13556018549635
29170,10100,광주광역시 북구 중흥동 269-13번지,,제2종근린생활시설,0,19830906,43,381.84,17797.0,0.0,46.60852713178295,0.0
29170,10100,광주광역시 북구 중흥동 269-14번지,,제1종근린생활시설,0,19850817,41,556.08,350.0,0.0,0.6294058408862033,0.0
29170,10100,광주광역시 북구 중흥동 269-16번지,,제2종근린생활시설,0,19881015,38,931.37,244966.0,0.0,263.01684615136844,0.0
29170,10100,광주광역시 북구 중흥동 270-9번지,,제2종근린생활시설,0,19820920,44,199.96,15950.0,3341.0,79.76595319063813,16.708341668333667
29170,10100,광주광역시 북구 중흥동 270-11번지,,제2종근린생활시설,0,19810620,45,143.37,20565.0,13611.0,143.44005021971122,94.93617911697008
29170,10100,광주광역시 북구 중흥동 270-15번지,,제1종근린생활시설,0,19900830,36,566.8,16916.0,15528.0,29.844742413549756,27.39590684544813
29170,10100,광주광역시 북구 중흥동 270-17번지,,제1종근린생활시설,0,19910111,35,361.69,23668.0,9731.0,65.43725289612652,26.904255025021428
29170,10100,광주광역시 북구 중흥동 270-20번지,,제1종근린생활시설,0,19821220,44,157.86,10399.0,17014.0,65.87482579500823,107.77904472317242
29170,10100,광주광역시 북구 중흥동 271-1번지,,제1종근린생활시설,0,19811215,45,106.37,11947.0,5829.0,112.31550249130393,54.79928551283256
29170,10100,광주광역시 북구 중흥동 271-7번지,,제1종근린생활시설,0,19810219,45,124.55,5720.0,1089.0,45.925331192292255,8.74347651545564
29170,10100,광주광역시 북구 중흥동 271-10번지,,제1종근린생활시설,0,19871218,39,331.27,17756.0,17084.0,53.59978265463218,51.57122588824826
29170,10100,광주광역시 북구 중흥동 271-22번지,,제2종근린생활시설,0,19871202,39,121.29,5242.0,8463.0,43.21873196471267,69.7749196141479
29170,10100,광주광역시 북구 중흥동 271-24번지,,제2종근린생활시설,0,19810620,45,147.21,20963.0,18813.0,142.40201073296652,127.7970246586509
29170,10100,광주광역시 북구 중흥동 271-25번지,,제2종근린생활시설,1,19901012,36,195.92,6627.0,0.0,33.8250306247448,0.0
29170,10100,광주광역시 북구 중흥동 271-36번지,,제2종근린생활시설,0,19860623,40,197.13,17172.0,0.0,87.11002891492923,0.0
29170,10100,광주광역시 북구 중흥동 272-6번지,,판매시설,0,19810826,45,179.72,171692.0,41018.0,955.3305141330959,228.23280658802582
29170,10100,광주광역시 북구 중흥동 272-6번지,,제1종근린생활시설,0,19810826,45,81.85,171692.0,41018.0,2097.6420281001833,501.13622480146614
29170,10100,광주광역시 북구 중흥동 272-6번지,,판매시설,0,19900703,36,468.18,171692.0,41018.0,366.72220086291594,87.61160237515486
29170,10100,광주광역시 북구 중흥동 272-6번지,,제1종근린생활시설,0,19810826,45,209.576,171692.0,41018.0,819.2350269114785,195.7189754552048
29170,10100,광주광역시 북구 중흥동 272-6번지,,제2종근린생활시설,0,19810826,45,431.42,171692.0,41018.0,397.96949608270364,95.07672337861017
29170,10100,광주광역시 북구 중흥동 272-6번지,,제1종근린생활시설,0,19900703,36,129.98,171692.0,41018.0,1320.9109093706725,315.5716264040622
29170,10100,광주광역시 북구 중흥동 272-6번지,,제1종근린생활시설,0,19810826,45,74.48,171692.0,41018.0,2305.2094522019333,550.7250268528463
29170,10100,광주광역시 북구 중흥동 272-6번지,,제1종근린생활시설,0,19810826,45,81.4,171692.0,41018.0,2109.2383292383292,503.9066339066339
29170,10100,광주광역시 북구 중흥동 273-1번지,,제1종근린생활시설,0,19860722,40,148.52,22500.0,15412.0,151.494748182063,103.77053595475356
29170,10100,광주광역시 북구 중흥동 273-7번지,,제1종근린생활시설,0,19800711,46,164.0,5291.0,22963.0,32.26219512195122,140.01829268292684
29170,10100,광주광역시 북구 중흥동 273-18번지,,제1종근린생활시설,0,19810121,45,119.92,2132.0,5228.0,17.778519012675115,43.59573048699133
29170,10100,광주광역시 북구 중흥동 273-23번지,,제1종근린생활시설,0,19830207,43,120.86,18137.0,5900.0,150.0661922885984,48.816812841303985
29170,10100,광주광역시 북구 중흥동 274-2번지,,제2종근린생활시설,0,19830608,43,127.84,13414.0,0.0,104.92803504380475,0.0
29170,10100,광주광역시 북구 중흥동 274-14번지,,제1종근린생활시설,0,19880601,38,183.07,6788.0,6718.0,37.078713060577925,36.69634566013001
29170,10100,광주광역시 북구 중흥동 274-25번지,,제2종근린생활시설,0,19820726,44,137.89,11153.0,15828.0,80.88331278555371,114.78714917688013
29170,10100,광주광역시 북구 중흥동 275-1번지,,제2종근린생활시설,0,19950913,31,449.88,89746.0,0.0,199.48875255623722,0.0
29170,10100,광주광역시 북구 중흥동 275-2번지,,제2종근린생활시설,0,19920617,34,494.55,53192.0,18396.0,107.556364371651,37.197452229299365
29170,10100,광주광역시 북구 중흥동 275-3번지,,제2종근린생활시설,0,19920318,34,458.25,68394.0,26151.0,149.25040916530278,57.0671031096563
29170,10100,광주광역시 북구 중흥동 275-4번지,,제2종근린생활시설,0,19960316,30,520.87,69616.0,54759.0,133.6533108069192,105.1298788565285
29170,10100,광주광역시 북구 중흥동 275-9번지,,제2종근린생활시설,0,19951114,31,448.48,55626.0,31234.0,124.03228683553336,69.64413128790581
29170,10100,광주광역시 북구 중흥동 276-18번지,,제1종근린생활시설,0,19810910,45,111.19,12623.0,9139.0,113.52639625865636,82.19264322331145
29170,10100,광주광역시 북구 중흥동 276-32번지,,제2종근린생활시설,0,19811012,45,163.38,53810.0,38749.0,329.3548781980659,237.17101236381444
29170,10100,광주광역시 북구 중흥동 277-19번지,,제2종근린생활시설,0,19850711,41,146.0,26070.0,0.0,178.56164383561645,0.0
29170,10100,광주광역시 북구 중흥동 277-25번지,,제1종근린생활시설,0,19830518,43,157.44,23185.0,0.0,147.26244918699186,0.0
29170,10100,광주광역시 북구 중흥동 277-33번지,,제1종근린생활시설,0,19840821,42,133.8,29411.0,0.0,219.813153961136,0.0
29170,10100,광주광역시 북구 중흥동 278-1번지,,제2종근린생활시설,0,19811118,45,143.66,29536.0,9400.0,205.5965474035918,65.43227063900878
29170,10100,광주광역시 북구 중흥동 278-15번지,,제1종근린생활시설,0,19820109,44,359.48,6206.0,0.0,17.26382552575943,0.0
29170,10100,광주광역시 북구 중흥동 278-16번지,,제2종근린생활시설,0,19921027,34,1562.38,64213.0,0.0,41.09947643979057,0.0
29170,10100,광주광역시 북구 중흥동 278-18번지,,제2종근린생활시설,0,19930408,33,1048.84,78042.0,6490.0,74.4079173181801,6.187788413866748
29170,10100,광주광역시 북구 중흥동 278-25번지,,제1종근린생활시설,0,19860331,40,171.54,49473.0,18589.0,288.405036726128,108.36539582604641
29170,10100,광주광역시 북구 중흥동 278-26번지,,제1종근린생활시설,0,19860113,40,179.54,32352.0,6076.0,180.19382867327616,33.842040770858866
29170,10100,광주광역시 북구 중흥동 278-27번지,,제1종근린생활시설,0,19860116,40,174.56,82559.0,74052.0,472.95485792850593,424.2208982584784
29170,10100,광주광역시 북구 중흥동 279-8번지,,제2종근린생활시설,0,19960709,30,295.34,16819.0,0.0,56.947924426085194,0.0
29170,10100,광주광역시 북구 중흥동 279-16번지,,제1종근린생활시설,0,19880616,38,195.19,33067.0,1506.0,169.40929350888877,7.715559198729443
29170,10100,광주광역시 북구 중흥동 279-17번지,,제2종근린생활시설,0,19841217,42,968.0,57885.0,0.0,59.79855371900826,0.0
29170,10100,광주광역시 북구 중흥동 279-18번지,,숙박시설,0,19840110,42,811.6,20336.0,16554.0,25.056678166584522,20.39674716609167
29170,10100,광주광역시 북구 중흥동 279-24번지,,제1종근린생활시설,0,19860107,40,494.84,79761.0,68294.0,161.1854336755315,138.01228679977368
29170,10100,광주광역시 북구 중흥동 279-28번지,,제2종근린생활시설,0,19730604,53,76.56,14524.0,6743.0,189.70741901776384,88.07471264367815
29170,10100,광주광역시 북구 중흥동 279-34번지,,제2종근린생활시설,0,19890503,37,761.24,60623.0,0.0,79.63717093163785,0.0
29170,10100,광주광역시 북구 중흥동 279-36번지,,제2종근린생활시설,0,19900912,36,137.335,53822.0,37543.0,391.9030108857902,273.36804164997994
29170,10100,광주광역시 북구 중흥동 279-37번지,,제2종근린생활시설,0,19950112,31,212.6,13.0,0.0,0.06114769520225776,0.0
29170,10100,광주광역시 북구 중흥동 279-49번지,,제2종근린생활시설,0,19941124,32,1319.88,54937.0,0.0,41.622723277873746,0.0
29170,10100,광주광역시 북구 중흥동 279-50번지,,창고시설,0,19850330,41,2.0,34925.0,0.0,17462.5,0.0
29170,10100,광주광역시 북구 중흥동 279-50번지,,제2종근린생활시설,0,19850330,41,700.7,34925.0,0.0,49.84301412872841,0.0
29170,10100,광주광역시 북구 중흥동 279-51번지,,제1종근린생활시설,0,19960718,30,117.9,9529.0,0.0,80.82273112807464,0.0
29170,10100,광주광역시 북구 중흥동 279-56번지,,제1종근린생활시설,0,19890930,37,497.23,39683.0,0.0,79.80813707941998,0.0
29170,10100,광주광역시 북구 중흥동 279-60번지,,제1종근린생활시설,0,19890314,37,1961.48,325588.0,0.0,165.99098639802597,0.0
29170,10100,광주광역시 북구 중흥동 280-1번지,,제1종근린생활시설,0,19820824,44,402.27,40579.0,0.0,100.8750341810227,0.0
29170,10100,광주광역시 북구 중흥동 280-2번지,,제1종근린생활시설,0,19920310,34,1995.85,161925.0,0.0,81.13084650650099,0.0
29170,10100,광주광역시 북구 중흥동 280-27번지,,제2종근린생활시설,0,19851023,41,625.69,82945.0,10837.0,132.56564752513225,17.32007863318896
29170,10100,광주광역시 북구 중흥동 280-32번지,,제2종근린생활시설,0,19820922,44,140.04,20206.0,0.0,144.28734647243647,0.0
29170,10100,광주광역시 북구 중흥동 284-1번지,,제2종근린생활시설,0,19850629,41,352.9,20580.0,0.0,58.31680362708983,0.0
29170,10100,광주광역시 북구 중흥동 284-4번지,,제2종근린생활시설,0,19811214,45,163.55,10411.0,4347.0,63.656374197493115,26.57902782023846
29170,10100,광주광역시 북구 중흥동 284-5번지,,제1종근린생활시설,0,19880819,38,395.975,66621.0,26515.0,168.24547004230064,66.96129806174632
29170,10100,광주광역시 북구 중흥동 284-11번지,,제1종근린생활시설,0,19840703,42,146.85,18074.0,14181.0,123.07797071842016,96.5679264555669
29170,10100,광주광역시 북구 중흥동 284-13번지,,제2종근린생활시설,0,19850725,41,158.86,25607.0,19419.0,161.19224474379956,122.2397079189223
29170,10100,광주광역시 북구 중흥동 284-26번지,,제2종근린생활시설,0,19891018,37,164.06,41123.0,1260.0,250.658295745459,7.680117030354748
29170,10100,광주광역시 북구 중흥동 286-1번지,,제1종근린생활시설,0,19910509,35,686.38,52239.0,10308.0,76.10798682945307,15.017920102567091
29170,10100,광주광역시 북구 중흥동 286-4번지,,제2종근린생활시설,0,19910418,35,494.12,22134.0,1495.0,44.79478669149194,3.0255808305674736
29170,10100,광주광역시 북구 중흥동 286-5번지,,제2종근린생활시설,0,19871218,39,494.345,7248.0,1130.0,14.66182524350403,2.2858529974006006
29170,10100,광주광역시 북구 중흥동 286-8번지,,제1종근린생활시설,0,19870701,39,373.17,30509.0,21348.0,81.7563040973283,57.20717099445293
29170,10100,광주광역시 북구 중흥동 286-9번지,,제2종근린생활시설,0,19841200,42,384.14,11956.0,17639.0,31.12406934971625,45.91815483938148
29170,10100,광주광역시 북구 중흥동 286-11번지,,제1종근린생활시설,0,19820604,44,146.34,45132.0,7614.0,308.4050840508405,52.02952029520295
29170,10100,광주광역시 북구 중흥동 286-24번지,,제1종근린생활시설,0,19870110,39,534.22,54391.0,98270.0,101.81385945864999,183.9504324061248
29170,10100,광주광역시 북구 중흥동 286-25번지,,제1종근린생활시설,0,19860424,40,420.86,35298.0,90814.0,83.87112103787483,215.78197025139
29170,10100,광주광역시 북구 중흥동 286-34번지,,제2종근린생활시설,0,19860617,40,143.235,26928.0,23357.0,187.99874332390826,163.06768597060773
29170,10100,광주광역시 북구 중흥동 286-36번지,,제2종근린생활시설,0,19881031,38,597.5,31828.0,12702.0,53.268619246861924,21.25857740585774
29170,10100,광주광역시 북구 중흥동 286-37번지,,제2종근린생활시설,0,19870701,39,493.61,82262.0,44792.0,166.65383602439172,90.74370454407325
29170,10100,광주광역시 북구 중흥동 286-45번지,,제2종근린생활시설,0,19910917,35,575.92,26423.0,11226.0,45.87963606056397,19.4922905959161
29170,10100,광주광역시 북구 중흥동 288-1번지,,제2종근린생활시설,0,19901210,36,796.23,42048.0,34651.0,52.808861761048945,43.51883249814752
29170,10100,광주광역시 북구 중흥동 288-3번지,,제2종근린생활시설,0,19851226,41,499.55,41196.0,0.0,82.46621959763787,0.0
29170,10100,광주광역시 북구 중흥동 288-4번지,,제1종근린생활시설,0,19810910,45,130.35,11343.0,0.0,87.01956271576525,0.0
29170,10100,광주광역시 북구 중흥동 288-7번지,,제1종근린생활시설,0,19851102,41,292.71,8861.0,8547.0,30.272283147142225,29.199549041713645
29170,10100,광주광역시 북구 중흥동 288-8번지,,제2종근린생활시설,0,19840707,42,893.74,33811.0,25649.0,37.83091279342985,28.698502920312396
29170,10100,광주광역시 북구 중흥동 288-9번지,,제1종근린생활시설,0,19901226,36,997.24,49888.0,0.0,50.026071958605755,0.0
29170,10100,광주광역시 북구 중흥동 288-23번지,,제1종근린생활시설,0,19800425,46,119.13,20296.0,9925.0,170.36850499454377,83.31234785528414
29170,10100,광주광역시 북구 중흥동 288-24번지,,제1종근린생활시설,1,19811104,45,156.85,8408.0,9145.0,53.605355435129106,58.304112209116994
29170,10100,광주광역시 북구 중흥동 288-35번지,,제1종근린생활시설,0,19860704,40,267.1,25838.0,8143.0,96.7353051291651,30.486709097716208
29170,10100,광주광역시 북구 중흥동 288-36번지,,제1종근린생활시설,0,19871204,39,348.1,8717.0,20457.0,25.04165469692617,58.767595518529156
29170,10100,광주광역시 북구 중흥동 288-37번지,,제1종근린생활시설,0,19880701,38,493.28,19924.0,0.0,40.39085306519624,0.0
29170,10100,광주광역시 북구 중흥동 288-68번지,,제1종근린생활시설,0,19830815,43,155.05,5580.0,14204.0,35.98839084166398,91.60915833602063
29170,10100,광주광역시 북구 중흥동 320-1번지,,제1종근린생활시설,0,19891122,37,104.32,64417.0,13525.0,617.4942484662577,129.6491564417178
29170,10100,광주광역시 북구 중흥동 320-34번지,,제1종근린생활시설,3,19930517,33,199.55,12727.0,0.0,63.77850162866449,0.0
29170,10100,광주광역시 북구 중흥동 320-52번지,,제1종근린생활시설,0,19780628,48,121.134,8474.0,0.0,69.95558637541896,0.0
29170,10100,광주광역시 북구 중흥동 321-31번지,,제2종근린생활시설,4,19960912,30,134.3,3010.0,2355.0,22.412509307520473,17.53536857781087
29170,10100,광주광역시 북구 중흥동 322-13번지,,제2종근린생활시설,0,19930100,33,483.03,37325.0,18192.0,77.27263316978242,37.66225700267064
29170,10100,광주광역시 북구 중흥동 322-14번지,,제2종근린생활시설,0,19931007,33,674.15,156106.0,0.0,231.5597418972039,0.0
29170,10100,광주광역시 북구 중흥동 322-15번지,,제1종근린생활시설,0,19900811,36,368.2,125403.0,0.0,340.5839217816404,0.0
29170,10100,광주광역시 북구 중흥동 323-5번지,,제2종근린생활시설,0,19920919,34,2090.4,56124.0,0.0,26.84845005740528,0.0
29170,10100,광주광역시 북구 중흥동 324-1번지,,제1종근린생활시설,0,19771115,49,135.19,10013.0,0.0,74.06612915156447,0.0
29170,10100,광주광역시 북구 중흥동 324-3번지,,제1종근린생활시설,0,19791127,47,124.27,5526.0,3803.0,44.467691317292996,30.60271988412328
29170,10100,광주광역시 북구 중흥동 324-6번지,,제1종근린생활시설,0,19780714,48,153.38,14307.0,0.0,93.2781327422089,0.0
29170,10100,광주광역시 북구 중흥동 324-25번지,,제2종근린생활시설,0,19780809,48,141.47,14495.0,16144.0,102.45988548808936,114.11606701067365
29170,10100,광주광역시 북구 중흥동 324-25번지,,제1종근린생활시설,0,19780809,48,3.63,14495.0,16144.0,3993.1129476584024,4447.382920110193
29170,10100,광주광역시 북구 중흥동 324-34번지,,제1종근린생활시설,0,19780810,48,136.19,4049.0,0.0,29.730523533299067,0.0
29170,10100,광주광역시 북구 중흥동 324-36번지,,제1종근린생활시설,0,19780809,48,141.47,2402.0,0.0,16.97886477698452,0.0
29170,10100,광주광역시 북구 중흥동 325-12번지,,제2종근린생활시설,0,19951214,31,1096.92,47308.0,0.0,43.12803121467381,0.0
29170,10100,광주광역시 북구 중흥동 325-23번지,,제1종근린생활시설,0,19770420,49,134.56,5457.0,9443.0,40.55439952437574,70.1768727705113
29170,10100,광주광역시 북구 중흥동 325-50번지,,제1종근린생활시설,0,19780113,48,159.33,14242.0,0.0,89.38680725538191,0.0
29170,10100,광주광역시 북구 중흥동 325-54번지,,제2종근린생활시설,0,19920826,34,283.86,14367.0,22343.0,50.612978228704286,78.71133657436764
29170,10100,광주광역시 북구 중흥동 325-56번지,,제2종근린생활시설,0,19900600,36,494.48,13463.0,8776.0,27.22658145931079,17.747937226985925
29170,10100,광주광역시 북구 중흥동 326-1번지,,제1종근린생활시설,0,19761021,50,2.64,8447.0,12248.0,3199.621212121212,4639.393939393939
29170,10100,광주광역시 북구 중흥동 326-1번지,,제1종근린생활시설,0,19761021,50,100.67,8447.0,12248.0,83.90781762193305,121.66484553491605
29170,10100,광주광역시 북구 중흥동 327-5번지,,제1종근린생활시설,2,19941027,32,295.56,10781.0,20667.0,36.47651915008797,69.92488834754364
29170,10100,광주광역시 북구 중흥동 327-9번지,,제1종근린생활시설,0,19860522,40,195.03,2529.0,0.0,12.967235809875405,0.0
29170,10100,광주광역시 북구 중흥동 327-10번지,,제2종근린생활시설,0,19911019,35,478.3,49284.0,27319.0,103.03993309638302,57.11687225590634
29170,10100,광주광역시 북구 중흥동 327-19번지,,제1종근린생활시설,0,19780407,48,186.43,2053.0,0.0,11.012176151906882,0.0
29170,10100,광주광역시 북구 중흥동 328-9번지,,제1종근린생활시설,0,19780809,48,185.33,2088.0,14794.0,11.266389683267684,79.82517671181135
29170,10100,광주광역시 북구 중흥동 328-10번지,,제1종근린생활시설,0,19901217,36,494.29,15706.0,22456.0,31.774869004025977,45.430819963988746
29170,10100,광주광역시 북구 중흥동 328-12번지,,제2종근린생활시설,0,19900920,36,472.59,18585.0,2598.0,39.325842696629216,5.497365581159144
29170,10100,광주광역시 북구 중흥동 328-14번지,,제1종근린생활시설,0,19780911,48,280.97,3239.0,26227.0,11.527921130369789,93.34448517635334
29170,10100,광주광역시 북구 중흥동 328-15번지,,제2종근린생활시설,0,19910530,35,495.705,55194.0,8359.0,111.34444881532363,16.86285189780212
29170,10100,광주광역시 북구 중흥동 328-18번지,,제2종근린생활시설,0,19901106,36,394.99,15836.0,9639.0,40.0921542317527,24.403149446821438
29170,10100,광주광역시 북구 중흥동 328-19번지,,제1종근린생활시설,0,19950216,31,299.5,6987.0,1332.0,23.328881469115192,4.447412353923205
29170,10100,광주광역시 북구 중흥동 328-21번지,,제1종근린생활시설,0,19911007,35,388.7,16277.0,0.0,41.87548237715462,0.0
29170,10100,광주광역시 북구 중흥동 329-1번지,,제2종근린생활시설,0,19910613,35,496.49,26159.0,50894.0,52.68786883925154,102.5076033756974
29170,10100,광주광역시 북구 중흥동 329-5번지,,제2종근린생활시설,0,19880725,38,515.55,17020.0,0.0,33.01328678110756,0.0
29170,10100,광주광역시 북구 중흥동 329-14번지,,제1종근린생활시설,0,19860513,40,258.93,10730.0,14323.0,41.439771366778665,55.31610860078013
29170,10100,광주광역시 북구 중흥동 329-16번지,,제2종근린생활시설,0,19881000,38,492.84,17186.0,19835.0,34.87135784433082,40.24632740848957
29170,10100,광주광역시 북구 중흥동 329-24번지,,제2종근린생활시설,0,19941014,32,289.8,42868.0,14860.0,147.92270531400965,51.2767425810904
29170,10100,광주광역시 북구 중흥동 330-22번지,,제2종근린생활시설,0,19901130,36,492.26,43938.0,38781.0,89.25770934059237,78.78153821151425
29170,10100,광주광역시 북구 중흥동 330-26번지,,제2종근린생활시설,0,19950819,31,269.92,21692.0,0.0,80.36455245998815,0.0
29170,10100,광주광역시 북구 중흥동 330-29번지,,제1종근린생활시설,0,19870126,39,178.04,13175.0,18973.0,74.0002246686138,106.56594023814874
29170,10100,광주광역시 북구 중흥동 331-49번지,,제1종근린생활시설,0,19900410,36,151.74,1.0,0.0,0.006590220113351785,0.0
29170,10100,광주광역시 북구 중흥동 331-75번지,,제2종근린생활시설,0,19820112,44,164.81,36757.0,64667.0,223.02651538134822,392.37303561677084
29170,10100,광주광역시 북구 중흥동 331-76번지,,제1종근린생활시설,0,19820809,44,156.56,10208.0,19051.0,65.20183955033214,121.68497700562085
29170,10100,광주광역시 북구 중흥동 331-78번지,,제1종근린생활시설,0,19821108,44,155.1,1798.0,0.0,11.592520954223083,0.0
29170,10100,광주광역시 북구 중흥동 331-79번지,,제1종근린생활시설,0,19901127,36,172.28,21226.0,16786.0,123.20640817274204,97.43440910146273
29170,10100,광주광역시 북구 중흥동 331-82번지,,제2종근린생활시설,0,19891004,37,428.31,63692.0,51876.0,148.7053769466041,121.11788190796386
29170,10100,광주광역시 북구 중흥동 331-91번지,,제1종근린생활시설,0,19870715,39,198.395,11702.0,9219.0,58.98334131404521,46.46790493712039
29170,10100,광주광역시 북구 중흥동 331-94번지,,창고시설,1,19950613,31,172.17,9540.0,13918.0,55.41035023523262,80.83870593018528
29170,10100,광주광역시 북구 중흥동 331-102번지,,제1종근린생활시설,0,19880622,38,173.12,30880.0,30224.0,178.37338262476894,174.5841035120148
29170,10100,광주광역시 북구 중흥동 332-16번지,,제1종근린생활시설,0,19770506,49,96.85,8057.0,17147.0,83.1905007743934,177.04697986577182
29170,10100,광주광역시 북구 중흥동 333-26번지,,제2종근린생활시설,0,19790929,47,150.96,16578.0,0.0,109.81717011128775,0.0
29170,10100,광주광역시 북구 중흥동 334-1번지,,제2종근린생활시설,0,19790621,47,123.875,19160.0,31581.0,154.6720484359233,254.94248234106962
29170,10100,광주광역시 북구 중흥동 335-28번지,,제2종근린생활시설,0,19920909,34,198.75,68145.0,6474.0,342.8679245283019,32.573584905660375
29170,10100,광주광역시 북구 중흥동 336-8번지,,제2종근린생활시설,0,19820928,44,149.74,6918.0,28602.0,46.20008013890744,191.0110858821958
29170,10100,광주광역시 북구 중흥동 338-37번지,,노유자시설,0,19771228,49,144.31,7017.0,28980.0,48.62448894740489,200.8176841521724
29170,10100,광주광역시 북구 중흥동 339-29번지,,제2종근린생활시설,0,19921019,34,114.3,1040.0,0.0,9.09886264216973,0.0
29170,10100,광주광역시 북구 중흥동 340-1번지,,제2종근린생활시설,0,19901201,36,491.83,77328.0,18300.0,157.22505743854583,37.207978366508755
29170,10100,광주광역시 북구 중흥동 340-8번지,,제2종근린생활시설,0,19850228,41,600.56,5901.0,0.0,9.825829226055681,0.0
29170,10100,광주광역시 북구 중흥동 340-23번지,,제1종근린생활시설,0,19790825,47,139.68,11654.0,3917.0,83.43356242840778,28.04266895761741
29170,10100,광주광역시 북구 중흥동 340-24번지,,제2종근린생활시설,0,19940917,32,482.89,67266.0,24984.0,139.29880511089482,51.73849116776078
29170,10100,광주광역시 북구 중흥동 340-25번지,,제1종근린생활시설,0,19911001,35,473.09,18940.0,23433.0,40.034665708427575,49.53180155995688
29170,10100,광주광역시 북구 중흥동 341-1번지,,제2종근린생활시설,0,19900601,36,488.24,27916.0,34846.0,57.17679829592004,71.37063739144683
29170,10100,광주광역시 북구 중흥동 341-6번지,,판매시설,4,19930916,33,8273.77,366752.0,0.0,44.327072181121785,0.0
29170,10100,광주광역시 북구 중흥동 341-6번지,,자동차관련시설,0,19930916,33,8273.77,366752.0,0.0,44.327072181121785,0.0
29170,10100,광주광역시 북구 중흥동 341-6번지,,제2종근린생활시설,0,19930916,33,1121.91,366752.0,0.0,326.89966218324105,0.0
29170,10100,광주광역시 북구 중흥동 341-6번지,,판매시설,0,19930916,33,1119.67,366752.0,0.0,327.5536542016844,0.0
29170,10100,광주광역시 북구 중흥동 341-6번지,,판매시설,0,19930916,33,8273.77,366752.0,0.0,44.327072181121785,0.0
29170,10100,광주광역시 북구 중흥동 341-6번지,,판매시설,0,19930916,33,1119.67,366752.0,0.0,327.5536542016844,0.0
29170,10100,광주광역시 북구 중흥동 341-6번지,,판매시설,0,19930916,33,651.67,366752.0,0.0,562.7879141283165,0.0
29170,10100,광주광역시 북구 중흥동 341-6번지,,제2종근린생활시설,0,19930916,33,1133.61,366752.0,0.0,323.52572754298217,0.0
29170,10100,광주광역시 북구 중흥동 342-4번지,,제2종근린생활시설,0,19911204,35,493.11,76673.0,13160.0,155.4886333678084,26.687757295532435
29170,10100,광주광역시 북구 중흥동 342-19번지,,제1종근린생활시설,0,19911010,35,494.705,16273.0,2037.0,32.89435117898546,4.117605441626829
29170,10100,광주광역시 북구 중흥동 343-1번지,,제1종근린생활시설,0,19780309,48,152.39,5641.0,12560.0,37.016864623662975,82.42010630618807
29170,10100,광주광역시 북구 중흥동 343-2번지,,제1종근린생활시설,0,19771028,49,135.52,4737.0,9916.0,34.95425029515938,73.17001180637544
29170,10100,광주광역시 북구 중흥동 343-4번지,,제1종근린생활시설,0,19771224,49,150.4,11221.0,11611.0,74.60771276595744,77.20079787234042
29170,10100,광주광역시 북구 중흥동 343-13번지,,노유자시설,0,19950306,31,1.0,17442.0,33574.0,17442.0,33574.0
29170,10100,광주광역시 북구 중흥동 343-13번지,,제1종근린생활시설,10,19950306,31,321.1,17442.0,33574.0,54.319526627218934,104.55932731236375
29170,10100,광주광역시 북구 중흥동 344-1번지,,제2종근린생활시설,0,19941129,32,449.37,30941.0,30040.0,68.85417362084696,66.84914435765627
29170,10100,광주광역시 북구 중흥동 344-2번지,,노유자시설,0,19791226,47,669.55,6403.0,22957.0,9.563139421999852,34.28720782615189
29170,10100,광주광역시 북구 중흥동 344-3번지,,제2종근린생활시설,0,19890828,37,305.3,16633.0,0.0,54.480838519489026,0.0
29170,10100,광주광역시 북구 중흥동 344-24번지,,제2종근린생활시설,0,19781218,48,135.12,6249.0,6409.0,46.247779751332146,47.431912374185906
29170,10100,광주광역시 북구 중흥동 344-31번지,,노유자시설,0,19941007,32,298.96,19072.0,21029.0,63.7944875568638,70.34051378110784
29170,10100,광주광역시 북구 중흥동 345-1번지,,제2종근린생활시설,0,19900124,36,872.04,23855.0,0.0,27.355396541443053,0.0
29170,10100,광주광역시 북구 중흥동 348-6번지,,제2종근린생활시설,0,19800523,46,352.34,1711.0,4838.0,4.8561048986774145,13.731055230743033
29170,10100,광주광역시 북구 중흥동 348-8번지,,제1종근린생활시설,0,19770602,49,132.22,5061.0,2885.0,38.27711390107397,21.819694448646196
29170,10100,광주광역시 북구 중흥동 348-14번지,,노유자시설,0,19921228,34,1624.73,139330.0,284448.0,85.75578711539764,175.07401229742788
29170,10100,광주광역시 북구 중흥동 348-20번지,,제1종근린생활시설,0,19770420,49,99.82,1783.0,0.0,17.86215187337207,0.0
29170,10100,광주광역시 북구 중흥동 348-21번지,,제2종근린생활시설,0,19780504,48,96.19,8620.0,0.0,89.61430502131199,0.0
29170,10100,광주광역시 북구 중흥동 348-28번지,,근린생활시설,0,19800812,46,194.16,13901.0,0.0,71.59559126493613,0.0
29170,10100,광주광역시 북구 중흥동 348-34번지,,제1종근린생활시설,0,19780425,48,119.99,5976.0,6133.0,49.804150345862155,51.11259271605967
29170,10100,광주광역시 북구 중흥동 348-35번지,,제1종근린생활시설,0,19770215,49,129.91,13976.0,15603.0,107.58217227311216,120.10622738819183
29170,10100,광주광역시 북구 중흥동 349-12번지,,위험물저장및처리시설,0,19941223,32,646.66,27729.0,0.0,42.88033897256673,0.0
29170,10100,광주광역시 북구 중흥동 349-14번지,,제2종근린생활시설,0,19900922,36,1129.6,71694.0,796.0,63.46848441926346,0.7046742209631729
29170,10100,광주광역시 북구 중흥동 349-15번지,,제2종근린생활시설,0,19791203,47,403.775,27036.0,0.0,66.9580830908303,0.0
29170,10100,광주광역시 북구 중흥동 349-24번지,,제2종근린생활시설,0,19941025,32,269.41,9616.0,5542.0,35.69281021491407,20.570877101815075
29170,10100,광주광역시 북구 중흥동 349-26번지,,제1종근린생활시설,0,19780502,48,116.02,2786.0,0.0,24.013101189450097,0.0
29170,10100,광주광역시 북구 중흥동 349-27번지,,제1종근린생활시설,0,19780427,48,118.33,4472.0,2509.0,37.79261387644723,21.203414180681147
29170,10100,광주광역시 북구 중흥동 349-38번지,,제2종근린생활시설,0,19831004,43,472.48,14595.0,0.0,30.89019641043007,0.0
29170,10100,광주광역시 북구 중흥동 353-5번지,,제1종근린생활시설,0,19860827,40,106.3,7561.0,8469.0,71.12888052681092,79.67074317968016
29170,10100,광주광역시 북구 중흥동 354-8번지,,제2종근린생활시설,0,19880929,38,187.455,13518.0,25377.0,72.11330719372648,135.37649035768584
29170,10100,광주광역시 북구 중흥동 354-10번지,,제2종근린생활시설,0,19910530,35,199.225,11891.0,5788.0,59.68628435186347,29.052578742627684
29170,10100,광주광역시 북구 중흥동 355-6번지,,제2종근린생활시설,0,19871002,39,1194.37,208636.0,4420.0,174.68288721250536,3.700695764294147
29170,10100,광주광역시 북구 중흥동 355-7번지,,제2종근린생활시설,0,19851022,41,1571.1,79036.0,0.0,50.306154923302145,0.0
29170,10100,광주광역시 북구 중흥동 355-14번지,,제2종근린생활시설,0,19801110,46,469.21,45906.0,0.0,97.83678949724005,0.0
29170,10100,광주광역시 북구 중흥동 355-19번지,,제1종근린생활시설,0,19910823,35,198.58,10117.0,12183.0,50.94672172424212,61.35058918320072
29170,10100,광주광역시 북구 중흥동 355-20번지,,제1종근린생활시설,0,19840703,42,486.64,10365.0,12107.0,21.299112280124938,24.878760480026305
29170,10100,광주광역시 북구 중흥동 355-25번지,,제2종근린생활시설,0,19850500,41,487.74,11155.0,0.0,22.870791815311435,0.0
29170,10100,광주광역시 북구 중흥동 356-11번지,,제1종근린생활시설,0,19770729,49,126.61,84.0,0.0,0.663454703419951,0.0
29170,10100,광주광역시 북구 중흥동 356-12번지,,제1종근린생활시설,0,19780518,48,139.48,12209.0,6209.0,87.5322626899914,44.51534270146258
29170,10100,광주광역시 북구 중흥동 356-15번지,,제1종근린생활시설,0,19771115,49,145.44,41101.0,80238.0,282.5976347634764,551.6914191419143
29170,10100,광주광역시 북구 중흥동 356-19번지,,제1종근린생활시설,0,19780302,48,144.45,4470.0,2375.0,30.94496365524403,16.441675320179993
29170,10100,광주광역시 북구 중흥동 356-28번지,,제1종근린생활시설,0,19950105,31,128.16,3823.0,7112.0,29.829900124843945,55.493133583021226
29170,10100,광주광역시 북구 중흥동 356-41번지,,제1종근린생활시설,0,19800922,46,528.18,89260.0,0.0,168.9954182286342,0.0
29170,10100,광주광역시 북구 중흥동 356-46번지,,제2종근린생활시설,0,19830117,43,392.25,37014.0,0.0,94.36328871892925,0.0
29170,10100,광주광역시 북구 중흥동 357-11번지,,제2종근린생활시설,0,19901206,36,618.17,41548.0,8817.0,67.2112849216235,14.263066793924002
29170,10100,광주광역시 북구 중흥동 357-28번지,,제2종근린생활시설,0,19910525,35,248.83,17969.0,7488.0,72.21396133906683,30.092834465297592
29170,10100,광주광역시 북구 중흥동 358-9번지,,제1종근린생활시설,0,19880716,38,402.9,14668.0,18643.0,36.40605609332341,46.27202779846116
29170,10100,광주광역시 북구 중흥동 358-11번지,,제1종근린생활시설,0,19920525,34,199.29,22847.0,11827.0,114.64197902554068,59.34567715389633
29170,10100,광주광역시 북구 중흥동 358-12번지,,제2종근린생활시설,0,19940314,32,33.76,2367.0,0.0,70.11255924170617,0.0
29170,10100,광주광역시 북구 중흥동 358-13번지,,제1종근린생활시설,0,19921205,34,88.02,26695.0,0.0,303.28334469438767,0.0
29170,10100,광주광역시 북구 중흥동 358-15번지,,제2종근린생활시설,0,19911120,35,0.0,113591.0,90758.0,0.0,0.0
29170,10100,광주광역시 북구 중흥동 358-24번지,,제2종근린생활시설,0,19900721,36,767.76,16661.0,14277.0,21.700791914139835,18.5956548921538
29170,10100,광주광역시 북구 중흥동 359번지,,업무시설,0,19940124,32,1935.88,150085.0,109089.0,77.5280492592516,56.35111680476062
29170,10100,광주광역시 북구 중흥동 360-1번지,,제2종근린생활시설,0,19900712,36,598.08,168467.0,98647.0,281.679708400214,164.9394729802033
29170,10100,광주광역시 북구 중흥동 360-4번지,,제2종근린생활시설,0,19840319,42,400.87,48013.0,47900.0,119.77199590889815,119.49010901289695
29170,10100,광주광역시 북구 중흥동 361-5번지,,제2종근린생활시설,0,19930817,33,1349.58,190359.0,0.0,141.05054905970746,0.0
29170,10100,광주광역시 북구 중흥동 361-23번지,,제1종근린생활시설,0,19840516,42,490.64,19012.0,0.0,38.749388553725744,0.0
29170,10100,광주광역시 북구 중흥동 361-36번지,,제1종근린생활시설,0,19920127,34,184.87,47026.0,0.0,254.37334343051873,0.0
29170,10100,광주광역시 북구 중흥동 361-40번지,,제2종근린생활시설,0,19921230,34,434.96,25609.0,0.0,58.87667831524738,0.0
29170,10100,광주광역시 북구 중흥동 362-1번지,,제2종근린생활시설,0,19930812,33,1113.37,120300.0,0.0,108.05033367164556,0.0
29170,10100,광주광역시 북구 중흥동 362-20번지,,제1종근린생활시설,0,19911216,35,155.65,17919.0,0.0,115.12367491166077,0.0
29170,10100,광주광역시 북구 중흥동 365-1번지,,제1종근린생활시설,0,19881115,38,491.04,18885.0,11346.0,38.459188660801566,23.106060606060606
29170,10100,광주광역시 북구 중흥동 365-2번지,,제1종근린생활시설,0,19801113,46,307.11,18199.0,0.0,59.25889746344958,0.0
29170,10100,광주광역시 북구 중흥동 365-4번지,,제1종근린생활시설,0,19920706,34,372.36,142.0,0.0,0.38135138038457406,0.0
29170,10100,광주광역시 북구 중흥동 365-5번지,,제1종근린생활시설,0,19790928,47,140.25,591.0,0.0,4.213903743315508,0.0
29170,10100,광주광역시 북구 중흥동 365-6번지,,제1종근린생활시설,0,19790829,47,118.53,1885.0,0.0,15.903146882645743,0.0
29170,10100,광주광역시 북구 중흥동 365-31번지,,제1종근린생활시설,0,19870812,39,149.54,6657.0,0.0,44.51651731978066,0.0
29170,10100,광주광역시 북구 중흥동 365-33번지,,제2종근린생활시설,0,19790829,47,138.96,6222.0,0.0,44.7754749568221,0.0
29170,10100,광주광역시 북구 중흥동 368-5번지,,제1종근린생활시설,0,19910822,35,454.88,35378.0,0.0,77.77435807245867,0.0
29170,10100,광주광역시 북구 중흥동 368-6번지,,제1종근린생활시설,0,19780406,48,172.54,672.0,0.0,3.8947490437000116,0.0
29170,10100,광주광역시 북구 중흥동 368-7번지,,제2종근린생활시설,0,19941213,32,288.96,6895.0,0.0,23.861434108527135,0.0
29170,10100,광주광역시 북구 중흥동 368-8번지,,제2종근린생활시설,0,19890320,37,1389.035,42689.0,0.0,30.732846904505646,0.0
29170,10100,광주광역시 북구 중흥동 368-8번지,,제2종근린생활시설,0,19890320,37,16.925,42689.0,0.0,2522.245199409158,0.0
29170,10100,광주광역시 북구 중흥동 368-25번지,,제1종근린생활시설,0,19910912,35,189.36,7541.0,0.0,39.82361639205745,0.0
29170,10100,광주광역시 북구 중흥동 368-32번지,,교육연구및복지시설,0,19771102,49,0.0,6450.0,0.0,0.0,0.0
29170,10100,광주광역시 북구 중흥동 369-1번지,,제2종근린생활시설,0,19930807,33,491.88,53166.0,0.0,108.08733837521346,0.0
29170,10100,광주광역시 북구 중흥동 369-3번지,,의료시설,0,19940930,32,3525.47,423765.0,0.0,120.2009944773321,0.0
29170,10100,광주광역시 북구 중흥동 369-18번지,,제1종근린생활시설,0,19791220,47,169.35,1991.0,20128.0,11.756716858576912,118.85444346028935
29170,10100,광주광역시 북구 중흥동 369-24번지,,제2종근린생활시설,1,19901031,36,867.5,50042.0,0.0,57.68530259365994,0.0
29170,10100,광주광역시 북구 중흥동 369-31번지,,제2종근린생활시설,0,19790512,47,117.1,8110.0,0.0,69.25704526046115,0.0
29170,10100,광주광역시 북구 중흥동 370-1번지,,제1종근린생활시설,0,19870820,39,299.26,22267.0,2887.0,74.40687028002407,9.647129586312905
29170,10100,광주광역시 북구 중흥동 370-2번지,,제1종근린생활시설,0,19900725,36,1.0,32588.0,12551.0,32588.0,12551.0
29170,10100,광주광역시 북구 중흥동 370-2번지,,제1종근린생활시설,0,19900725,36,467.23,32588.0,12551.0,69.74723369646641,26.862573036834107
29170,10100,광주광역시 북구 중흥동 370-3번지,,제2종근린생활시설,0,19880526,38,885.3,56399.0,597.0,63.706088331638995,0.6743476787529651
29170,10100,광주광역시 북구 중흥동 370-13번지,,제2종근린생활시설,0,19940705,32,327.6,60516.0,0.0,184.72527472527472,0.0
29170,10100,광주광역시 북구 중흥동 370-14번지,,제2종근린생활시설,0,19871026,39,277.62,15087.0,9073.0,54.34406743030041,32.68136301419206
29170,10100,광주광역시 북구 중흥동 370-16번지,,제2종근린생활시설,0,19911021,35,482.21,6812.0,0.0,14.126625329213415,0.0
29170,10100,광주광역시 북구 중흥동 370-18번지,,제1종근린생활시설,0,19880310,38,402.45,3943.0,672.0,9.797490371474717,1.6697726425642938
29170,10100,광주광역시 북구 중흥동 370-35번지,,제1종근린생활시설,0,19921030,34,109.0,4163.0,0.0,38.19266055045872,0.0
29170,10100,광주광역시 북구 중흥동 371-1번지,,제1종근린생활시설,0,19871204,39,432.67,27973.0,16205.0,64.65204428317193,37.453486490859085
29170,10100,광주광역시 북구 중흥동 371-5번지,,제1종근린생활시설,0,19780504,48,106.07,6672.0,0.0,62.9018572640709,0.0
29170,10100,광주광역시 북구 중흥동 371-7번지,,제2종근린생활시설,0,19871214,39,296.51,35759.0,7823.0,120.59964250784122,26.383595831506526
29170,10100,광주광역시 북구 중흥동 371-9번지,,제1종근린생활시설,0,19881128,38,418.3,17532.0,6647.0,41.912502988285915,15.890509203920631
29170,10100,광주광역시 북구 중흥동 371-11번지,,제2종근린생활시설,0,19761105,50,101.15,5667.0,0.0,56.02570439940682,0.0
29170,10100,광주광역시 북구 중흥동 371-26번지,,제1종근린생활시설,0,19761207,50,95.86,3929.0,0.0,40.986855831420826,0.0
29170,10100,광주광역시 북구 중흥동 371-29번지,,제1종근린생활시설,0,19770819,49,128.91,7445.0,1744.0,57.75347141416492,13.528818555581413
29170,10100,광주광역시 북구 중흥동 371-39번지,,제1종근린생활시설,0,19930714,33,302.24,6803.0,13466.0,22.508602435150873,44.553996823716254
29170,10100,광주광역시 북구 중흥동 372-5번지,,제1종근린생활시설,0,19830521,43,107.99,8790.0,943.0,81.3964255949625,8.732290026854338
29170,10100,광주광역시 북구 중흥동 373-1번지,,제1종근린생활시설,0,19800910,46,613.55,15322.0,0.0,24.972699861461987,0.0
29170,10100,광주광역시 북구 중흥동 373-5번지,,제1종근린생활시설,0,19820621,44,175.54,5944.0,2037.0,33.861228210094566,11.60419277657514
29170,10100,광주광역시 북구 중흥동 373-14번지,,제2종근린생활시설,0,19900124,36,390.73,57517.0,4450.0,147.20395157781587,11.388938653289996
29170,10100,광주광역시 북구 중흥동 373-19번지,,제1종근린생활시설,0,19780310,48,152.71,306.0,0.0,2.0037980485888283,0.0
29170,10100,광주광역시 북구 중흥동 373-35번지,,제1종근린생활시설,0,19790304,47,117.67,3283.0,3304.0,27.900059488399762,28.0785246876859
29170,10100,광주광역시 북구 중흥동 373-43번지,,제2종근린생활시설,0,19930324,33,325.81,14214.0,0.0,43.62665357109972,0.0
29170,10100,광주광역시 북구 중흥동 374-2번지,,제2종근린생활시설,0,19841221,42,9.0,1194.0,0.0,132.66666666666666,0.0
29170,10100,광주광역시 북구 중흥동 374-9번지,,제1종근린생활시설,0,19760302,50,181.46,9826.0,0.0,54.14967485947316,0.0
29170,10100,광주광역시 북구 중흥동 374-18번지,,제1종근린생활시설,0,19761201,50,120.97,4338.0,0.0,35.86013061089526,0.0
29170,10100,광주광역시 북구 중흥동 374-38번지,,제1종근린생활시설,0,19771115,49,117.01,2282.0,2392.0,19.502606614819246,20.44269720536706
29170,10100,광주광역시 북구 중흥동 374-42번지,,제1종근린생활시설,0,19771215,49,145.11,1933.0,2891.0,13.32092895045138,19.922817173178966
29170,10100,광주광역시 북구 중흥동 376-1번지,,제2종근린생활시설,0,19761207,50,126.26,4819.0,0.0,38.16727387929669,0.0
29170,10100,광주광역시 북구 중흥동 376-2번지,,제1종근린생활시설,0,19770908,49,160.32,10310.0,342.0,64.30888223552894,2.1332335329341316
29170,10100,광주광역시 북구 중흥동 376-5번지,,제1종근린생활시설,0,19771122,49,112.38,9896.0,8770.0,88.05837337604557,78.03879693895712
29170,10100,광주광역시 북구 중흥동 376-22번지,,제1종근린생활시설,0,19910904,35,147.36,5447.0,7976.0,36.96389793702497,54.125950054288815
29170,10100,광주광역시 북구 중흥동 376-27번지,,제1종근린생활시설,0,19761218,50,106.85,6345.0,0.0,59.38231165184839,0.0
29170,10100,광주광역시 북구 중흥동 377-21번지,,제1종근린생활시설,0,19830708,43,354.07,50596.0,45170.0,142.8982969469314,127.57364362979072
29170,10100,광주광역시 북구 중흥동 377-23번지,,제2종근린생활시설,0,19950509,31,207.255,9302.0,0.0,44.88190875974042,0.0
29170,10100,광주광역시 북구 중흥동 494-1번지,,제1종근린생활시설,0,19771230,49,128.25,6587.0,0.0,51.360623781676416,0.0
29170,10100,광주광역시 북구 중흥동 495-1번지,,제1종근린생활시설,0,19930413,33,752.01,64967.0,0.0,86.39113841571256,0.0
29170,10100,광주광역시 북구 중흥동 501-1번지,,제2종근린생활시설,0,19960517,30,797.82,50086.0,6632.0,62.77857160763079,8.312651976636333
29170,10100,광주광역시 북구 중흥동 571번지,,종교시설,0,19930903,33,3323.72,117938.0,19967.0,35.48373509200535,6.007425414896562
29170,10100,광주광역시 북구 중흥동 599-12번지,,제1종근린생활시설,0,19821105,44,196.88,8670.0,11586.0,44.036976838683465,58.84802925639984
29170,10100,광주광역시 북구 중흥동 599-19번지,,제1종근린생활시설,0,19821105,44,374.4,7992.0,0.0,21.346153846153847,0.0
29170,10100,광주광역시 북구 중흥동 599-27번지,,제1종근린생활시설,0,19871006,39,184.41,4900.0,0.0,26.571227156878695,0.0
29170,10100,광주광역시 북구 중흥동 599-43번지,,제1종근린생활시설,0,19811216,45,194.47,114.0,2146.0,0.5862086697176943,11.03512109836993
29170,10100,광주광역시 북구 중흥동 599-72번지,,제1종근린생활시설,0,19821112,44,196.37,3992.0,7376.0,20.32897082039008,37.56174568416764
29170,10100,광주광역시 북구 중흥동 599-87번지,,제1종근린생활시설,0,19810629,45,162.55,10132.0,0.0,62.33159027991387,0.0
29170,10100,광주광역시 북구 중흥동 599-90번지,,제1종근린생활시설,0,19810804,45,141.63,6796.0,10126.0,47.984184141777874,71.49615194520935
29170,10100,광주광역시 북구 중흥동 599-91번지,,제1종근린생활시설,0,19830601,43,429.37,18278.0,25526.0,42.569345785686004,59.44989170179565
29170,10100,광주광역시 북구 중흥동 599-94번지,,제1종근린생활시설,0,19811010,45,172.37,6649.0,0.0,38.57399779544004,0.0
29170,10100,광주광역시 북구 중흥동 599-99번지,,근린생활시설,0,19811118,45,195.42,698.0,8303.0,3.5717940845358718,42.48797461876983
29170,10100,광주광역시 북구 중흥동 599-100번지,,숙박시설,0,19860912,40,517.175,8216.0,19651.0,15.88630540919418,37.996809590564126
29170,10100,광주광역시 북구 중흥동 599-108번지,,제1종근린생활시설,0,19830314,43,477.58,231352.0,0.0,484.42564596507395,0.0
29170,10100,광주광역시 북구 중흥동 599-108번지,,업무시설,0,19830314,43,1406.1,231352.0,0.0,164.5345281274447,0.0
29170,10100,광주광역시 북구 중흥동 599-109번지,,제1종근린생활시설,0,19940729,32,325.6,10203.0,0.0,31.335995085995084,0.0
29170,10100,광주광역시 북구 중흥동 599-111번지,,제1종근린생활시설,0,19930309,33,1364.57,63585.0,0.0,46.59709652124845,0.0
29170,10100,광주광역시 북구 중흥동 599-112번지,,제1종근린생활시설,0,19940121,32,3876.24,110346.0,0.0,28.46727756795245,0.0
29170,10100,광주광역시 북구 중흥동 599-114번지,,제2종근린생활시설,0,19900601,36,996.88,9534.0,0.0,9.563839178236096,0.0
29170,10100,광주광역시 북구 중흥동 599-115번지,,제1종근린생활시설,0,19950913,31,324.82,30909.0,0.0,95.15731789914415,0.0
29170,10100,광주광역시 북구 중흥동 599-116번지,,위험물저장및처리시설,0,19870703,39,320.51,19005.0,0.0,59.29612180587189,0.0
29170,10100,광주광역시 북구 중흥동 611-2번지,,운수시설,0,19711200,55,808.46,39079.0,86873.0,48.33758009054251,107.4549142814734
29170,10100,광주광역시 북구 중흥동 611-2번지,,운수시설,0,19870900,39,231.84,39079.0,86873.0,168.5602139406487,374.71100759144235
29170,10100,광주광역시 북구 중흥동 611-2번지,,운수시설,0,19720600,54,638.8,39079.0,86873.0,61.175641828428304,135.99405134627426
29170,10100,광주광역시 북구 중흥동 611-2번지,,운수시설,0,19690200,57,98.0,39079.0,86873.0,398.765306122449,886.4591836734694
29170,10100,광주광역시 북구 중흥동 611-3번지,,운수시설,0,19871100,39,1073.74,1319.0,0.0,1.2284165626688024,0.0
29170,10100,광주광역시 북구 중흥동 611-8번지,,운수시설,0,19690200,57,208.0,22641.0,128346.0,108.85096153846153,617.0480769230769
29170,10100,광주광역시 북구 중흥동 611-8번지,,운수시설,0,19810600,45,12.24,22641.0,128346.0,1849.7549019607843,10485.78431372549
29170,10100,광주광역시 북구 중흥동 611-8번지,,운수시설,0,19690200,57,193.33,22641.0,128346.0,117.1106398386179,663.8700667252883
29170,10100,광주광역시 북구 중흥동 611-8번지,,운수시설,0,19761200,50,356.4,22641.0,128346.0,63.52693602693603,360.11784511784515
29170,10100,광주광역시 북구 중흥동 611-8번지,,운수시설,0,19690200,57,7024.38,22641.0,128346.0,3.2232026171704833,18.27150581261264
29170,10100,광주광역시 북구 중흥동 611-8번지,,운수시설,0,19701000,56,1093.5,22641.0,128346.0,20.70507544581619,117.37174211248285
29170,10100,광주광역시 북구 중흥동 644-2번지,,제2종근린생활시설,0,19920629,34,494.41,0.0,1778.0,0.0,3.596205578366133
29170,10100,광주광역시 북구 중흥동 644-3번지,,제1종근린생활시설,0,19910819,35,199.8,8608.0,0.0,43.08308308308308,0.0
29170,10100,광주광역시 북구 중흥동 644-21번지,,제1종근린생활시설,0,19740808,52,61.14,10695.0,0.0,174.92639842983317,0.0
29170,10100,광주광역시 북구 중흥동 645-1번지,,제2종근린생활시설,0,19891013,37,592.36,24906.0,11368.0,42.04537781079073,19.1910324802485
29170,10100,광주광역시 북구 중흥동 645-4번지,,제2종근린생활시설,0,19870914,39,1116.092,115090.0,0.0,103.11873931539692,0.0
29170,10100,광주광역시 북구 중흥동 645-5번지,,창고시설,0,19760107,50,349.74,4579.0,0.0,13.092583061702978,0.0
29170,10100,광주광역시 북구 중흥동 645-6번지,,제2종근린생활시설,0,19930827,33,129.96,13683.0,0.0,105.28624192059094,0.0
29170,10100,광주광역시 북구 중흥동 645-10번지,,제2종근린생활시설,0,19940723,32,297.72,22798.0,940.0,76.57530565632136,3.1573290339916698
29170,10100,광주광역시 북구 중흥동 645-14번지,,제2종근린생활시설,0,19930423,33,1285.49,19832.0,0.0,15.427580144536325,0.0
29170,10100,광주광역시 북구 중흥동 645-18번지,,제2종근린생활시설,0,19900919,36,670.59,40642.0,0.0,60.606331737723494,0.0
29170,10100,광주광역시 북구 중흥동 646-1번지,,제2종근린생활시설,0,19940713,32,448.88,19098.0,18004.0,42.54589199786135,40.10871502405988
29170,10100,광주광역시 북구 중흥동 646-3번지,,운동시설,0,19930508,33,641.52,157533.0,0.0,245.56210250654695,0.0
29170,10100,광주광역시 북구 중흥동 646-5번지,,제2종근린생활시설,0,19861205,40,217.2,4512.0,0.0,20.773480662983427,0.0
29170,10100,광주광역시 북구 중흥동 646-6번지,,제1종근린생활시설,0,19871020,39,795.18,69256.0,0.0,87.09474584370835,0.0
29170,10100,광주광역시 북구 중흥동 646-8번지,,제2종근린생활시설,0,19901207,36,932.52,48186.0,11380.0,51.67288637241025,12.203491614120876
29170,10100,광주광역시 북구 중흥동 646-13번지,,제2종근린생활시설,0,19871020,39,995.46,22846.0,0.0,22.95019388021618,0.0
29170,10100,광주광역시 북구 중흥동 647-8번지,,제2종근린생활시설,0,19930906,33,493.99,22762.0,0.0,46.077855827041034,0.0
29170,10100,광주광역시 북구 중흥동 648-3번지,,제1종근린생활시설,0,19920210,34,1282.7,14002.0,0.0,10.916036485538317,0.0
29170,10100,광주광역시 북구 중흥동 648-6번지,,제1종근린생활시설,0,19931227,33,6292.11,4537577.0,25264.0,721.1534763378263,4.015187274221208
29170,10100,광주광역시 북구 중흥동 648-9번지,,제1종근린생활시설,0,19760630,50,530.24,8753.0,0.0,16.507619191309594,0.0
29170,10100,광주광역시 북구 중흥동 649-11번지,,제1종근린생활시설,0,19740122,52,122.31,5853.0,11536.0,47.85381407897964,94.31771727577467
29170,10100,광주광역시 북구 중흥동 651-11번지,,제2종근린생활시설,0,19910727,35,199.05,13944.0,9857.0,70.05275056518462,49.520221049987434
29170,10100,광주광역시 북구 중흥동 654-4번지,,제1종근린생활시설,0,19930825,33,598.55,31800.0,0.0,53.12839361790995,0.0
29170,10100,광주광역시 북구 중흥동 654-13번지,,제2종근린생활시설,0,19940927,32,493.47,14256.0,0.0,28.889294182017142,0.0
29170,10100,광주광역시 북구 중흥동 654-16번지,,제1종근린생활시설,0,19900804,36,686.965,12765.0,13852.0,18.58173269380536,20.164054937296658
29170,10100,광주광역시 북구 중흥동 655-4번지,,제2종근린생활시설,0,19741029,52,1302.52,63119.0,0.0,48.45914074256058,0.0
29170,10100,광주광역시 북구 중흥동 655-11번지,,근린생활시설,0,19760324,50,156.02,5041.0,0.0,32.30996026150493,0.0
29170,10100,광주광역시 북구 중흥동 662-3번지,,제2종근린생활시설,0,19960724,30,140.0,42363.0,0.0,302.59285714285716,0.0
29170,10100,광주광역시 북구 중흥동 662-6번지,,제1종근린생활시설,0,19920810,34,197.635,3009.0,3839.0,15.225036051306702,19.424697042527892
29170,10100,광주광역시 북구 중흥동 662-15번지,,공장,0,19750915,51,194.7,39379.0,0.0,202.2547508988187,0.0
29170,10100,광주광역시 북구 중흥동 663-11번지,,제1종근린생활시설,0,19840600,42,400.38,13811.0,10109.0,34.49473000649383,25.248513911783807
29170,10100,광주광역시 북구 중흥동 667-5번지,,제1종근린생활시설,0,19780526,48,957.22,30242.0,0.0,31.59357305530599,0.0
29170,10100,광주광역시 북구 중흥동 667-8번지,,제2종근린생활시설,0,19830412,43,75.2,1071.0,0.0,14.242021276595745,0.0
29170,10100,광주광역시 북구 중흥동 667-9번지,,제1종근린생활시설,0,19901029,36,310.07,10213.0,7252.0,32.93772373980069,23.388267165478762
29170,10100,광주광역시 북구 중흥동 667-12번지,,제1종근린생활시설,0,19890710,37,167.98,9034.0,0.0,53.780211929991665,0.0
29170,10100,광주광역시 북구 중흥동 668-1번지,,업무시설,0,19800819,46,681.2,26341.0,19679.0,38.66852613035819,28.888725778038754
29170,10100,광주광역시 북구 중흥동 668-11번지,,제2종근린생활시설,0,19940610,32,571.6,84.0,0.0,0.1469559132260322,0.0
29170,10100,광주광역시 북구 중흥동 668-13번지,,제1종근린생활시설,0,19900310,36,968.62,73184.0,0.0,75.55491317544548,0.0
29170,10100,광주광역시 북구 중흥동 668-36번지,,제1종근린생활시설,0,19761206,50,148.08,13099.0,0.0,88.45894111291193,0.0
29170,10100,광주광역시 북구 중흥동 669-1번지,,제1종근린생활시설,0,19881116,38,327.55,6425.0,17043.0,19.61532590444207,52.03175087772859
29170,10100,광주광역시 북구 중흥동 669-6번지,,제2종근린생활시설,0,19911008,35,326.91,19469.0,10492.0,59.554617478816795,32.094460248998196
29170,10100,광주광역시 북구 중흥동 669-13번지,,제1종근린생활시설,0,19801127,46,148.465,5267.0,14506.0,35.47637490317583,97.70653015862324
29170,10100,광주광역시 북구 중흥동 669-35번지,,제1종근린생활시설,0,19931104,33,86.17,5172.0,0.0,60.02088894046652,0.0
29170,10100,광주광역시 북구 중흥동 670-1번지,,창고시설,0,19931104,33,320.26,1101.0,0.0,3.437831761693624,0.0
29170,10100,광주광역시 북구 중흥동 670-11번지,,제2종근린생활시설,0,19910205,35,624.46,33032.0,25755.0,52.896902924126444,41.24363450020818
29170,10100,광주광역시 북구 중흥동 670-13번지,,제2종근린생활시설,0,19840502,42,424.46,13410.0,0.0,31.593082976016586,0.0
29170,10100,광주광역시 북구 중흥동 670-15번지,,제2종근린생활시설,0,19831205,43,422.9,18166.0,0.0,42.955781508630885,0.0
29170,10100,광주광역시 북구 중흥동 671-13번지,,숙박시설,0,19760102,50,194.39,7083.0,0.0,36.43705951952261,0.0
29170,10100,광주광역시 북구 중흥동 671-14번지,,제1종근린생활시설,0,19830825,43,589.827,23309.0,0.0,39.51836725005807,0.0
29170,10100,광주광역시 북구 중흥동 671-21번지,,제2종근린생활시설,0,19900512,36,199.5,4585.0,0.0,22.982456140350877,0.0
29170,10100,광주광역시 북구 중흥동 672-2번지,,제1종근린생활시설,0,19840625,42,199.08,11358.0,0.0,57.05244122965642,0.0
29170,10100,광주광역시 북구 중흥동 672-3번지,,제1종근린생활시설,0,19700501,56,249.01,9267.0,0.0,37.2153728765913,0.0
29170,10100,광주광역시 북구 중흥동 672-4번지,,제2종근린생활시설,0,19880831,38,470.63,5681.0,0.0,12.071053693984659,0.0
29170,10100,광주광역시 북구 중흥동 672-5번지,,제1종근린생활시설,0,19710202,55,41.32,2966.0,0.0,71.7812197483059,0.0
29170,10100,광주광역시 북구 중흥동 672-7번지,,숙박시설,0,19861117,40,493.22,2788.0,0.0,5.6526499330927376,0.0
29170,10100,광주광역시 북구 중흥동 672-11번지,,제1종근린생활시설,0,19710126,55,403.27,4250.0,0.0,10.538844942594292,0.0
29170,10100,광주광역시 북구 중흥동 674-1번지,,제1종근린생활시설,0,19871006,39,257.68,22512.0,5719.0,87.36417261719963,22.194194349580876
29170,10100,광주광역시 북구 중흥동 674-9번지,,제1종근린생활시설,0,19851123,41,186.94,7713.0,0.0,41.259227559644806,0.0
29170,10100,광주광역시 북구 중흥동 674-13번지,,제2종근린생활시설,0,19871006,39,216.61,5815.0,0.0,26.84548266469692,0.0
29170,10100,광주광역시 북구 중흥동 675-1번지,,제2종근린생활시설,0,19730117,53,355.03,11539.0,0.0,32.5014787482748,0.0
29170,10100,광주광역시 북구 중흥동 675-10번지,,제2종근린생활시설,0,19940407,32,329.67,12133.0,21610.0,36.80347013680347,65.55039888373221
29170,10100,광주광역시 북구 중흥동 676-6번지,,제1종근린생활시설,0,19820721,44,0.0,27562.0,0.0,0.0,0.0
29170,10100,광주광역시 북구 중흥동 676-7번지,,제1종근린생활시설,0,19790109,47,1283.65,23000.0,0.0,17.9176566821174,0.0
29170,10100,광주광역시 북구 중흥동 676-14번지,,근린생활시설,0,19770112,49,308.09,12033.0,0.0,39.05676912590477,0.0
29170,10100,광주광역시 북구 중흥동 678-1번지,,제2종근린생활시설,0,19950410,31,298.48,55107.0,0.0,184.62543554006967,0.0
29170,10100,광주광역시 북구 중흥동 678-2번지,,제1종근린생활시설,0,19800911,46,308.61,6700.0,9923.0,21.710249181815236,32.153851138978
29170,10100,광주광역시 북구 중흥동 678-11번지,,제1종근린생활시설,0,19911114,35,494.28,6797.0,11227.0,13.751315044104556,22.71384640284859
29170,10100,광주광역시 북구 중흥동 678-16번지,,제1종근린생활시설,0,19901106,36,102.761,3430.0,4089.0,33.378421774797836,39.79136053561176
29170,10100,광주광역시 북구 중흥동 678-25번지,,제1종근린생활시설,0,19960913,30,77.6,464.0,0.0,5.979381443298969,0.0
29170,10100,광주광역시 북구 중흥동 678-26번지,,제2종근린생활시설,0,19780413,48,192.611,13051.0,20202.0,67.75833155946442,104.88497541677268
29170,10100,광주광역시 북구 중흥동 678-33번지,,제1종근린생활시설,0,19800726,46,175.56,4742.0,0.0,27.01070858965596,0.0
29170,10100,광주광역시 북구 중흥동 679-2번지,,제1종근린생활시설,0,19920226,34,196.1,5560.0,18952.0,28.35288118306986,96.64456909739928
29170,10100,광주광역시 북구 중흥동 679-3번지,,제1종근린생활시설,0,19910608,35,463.55,23261.0,15310.0,50.1801315931399,33.02772084996225
29170,10100,광주광역시 북구 중흥동 679-8번지,,제1종근린생활시설,0,19910227,35,0.0,4315.0,9605.0,0.0,0.0
29170,10100,광주광역시 북구 중흥동 679-9번지,,제1종근린생활시설,0,19951019,31,153.36,25241.0,0.0,164.5865936358894,0.0
29170,10100,광주광역시 북구 중흥동 679-10번지,,제1종근린생활시설,0,19870702,39,318.63,14947.0,16039.0,46.91020933370994,50.337381916329285
29170,10100,광주광역시 북구 중흥동 679-12번지,,제1종근린생활시설,0,19700501,56,146.77,8689.0,0.0,59.20147169039994,0.0
29170,10100,광주광역시 북구 중흥동 681-6번지,,제2종근린생활시설,0,19691103,57,79.33,5565.0,0.0,70.15000630278583,0.0
29170,10100,광주광역시 북구 중흥동 681-13번지,,제1종근린생활시설,0,19911004,35,199.17,13099.0,21369.0,65.76793693829393,107.29025455640911
29170,10100,광주광역시 북구 중흥동 682-1번지,,제2종근린생활시설,0,19820929,44,158.89,7961.0,0.0,50.103845427654356,0.0
29170,10100,광주광역시 북구 중흥동 682-2번지,,제1종근린생활시설,0,19940118,32,70.74,939.0,0.0,13.273960983884649,0.0
29170,10100,광주광역시 북구 중흥동 682-3번지,,제1종근린생활시설,0,19960502,30,64.55,37.0,0.0,0.5731990704879938,0.0
29170,10100,광주광역시 북구 중흥동 682-5번지,,창고시설,0,19850621,41,264.0,4092.0,0.0,15.5,0.0
29170,10100,광주광역시 북구 중흥동 682-7번지,,제1종근린생활시설,0,19780603,48,372.22,37016.0,0.0,99.44656386008273,0.0
29170,10100,광주광역시 북구 중흥동 682-9번지,,근린생활시설,0,19771123,49,444.96,20059.0,0.0,45.0804566702625,0.0
29170,10100,광주광역시 북구 중흥동 683-1번지,,숙박시설,0,19760420,50,513.3,13833.0,23849.0,26.949152542372882,46.46210792908631
29170,10100,광주광역시 북구 중흥동 683-13번지,,제1종근린생활시설,0,19770921,49,84.66,11016.0,0.0,130.12048192771084,0.0
29170,10100,광주광역시 북구 중흥동 683-14번지,,제2종근린생활시설,0,19840926,42,1734.33,49341.0,0.0,28.449603016726922,0.0
29170,10100,광주광역시 북구 중흥동 683-19번지,,제2종근린생활시설,0,19841227,42,586.06,19609.0,43243.0,33.45903149848139,73.78596048186193
29170,10100,광주광역시 북구 중흥동 684번지,,판매및영업시설,0,19770913,49,1440.8,48180.0,0.0,33.43975569128262,0.0
29170,10100,광주광역시 북구 중흥동 685-1번지,,제2종근린생활시설,0,19900510,36,490.74,32493.0,37216.0,66.21225088641643,75.83649182866691
29170,10100,광주광역시 북구 중흥동 685-6번지,,제1종근린생활시설,0,19921029,34,631.32,12715.0,7843.0,20.1403408730913,12.423176835836026
29170,10100,광주광역시 북구 중흥동 685-9번지,,제1종근린생활시설,0,19811022,45,101.64,5830.0,0.0,57.35930735930736,0.0
29170,10100,광주광역시 북구 중흥동 685-19번지,,제1종근린생활시설,0,19751103,51,66.77,1328.0,0.0,19.88917178373521,0.0
29170,10100,광주광역시 북구 중흥동 685-20번지,,제2종근린생활시설,0,19870714,39,318.45,4395.0,0.0,13.801224682053698,0.0
29170,10100,광주광역시 북구 중흥동 685-22번지,,제1종근린생활시설,0,19921102,34,114.72,17259.0,0.0,150.44456066945608,0.0
29170,10100,광주광역시 북구 중흥동 686-3번지,,제1종근린생활시설,0,19761215,50,99.49,133.0,0.0,1.3368177706302142,0.0
29170,10100,광주광역시 북구 중흥동 686-8번지,,제2종근린생활시설,0,19721106,54,72.72,11.0,0.0,0.15126512651265125,0.0
29170,10100,광주광역시 북구 중흥동 687-8번지,,제1종근린생활시설,0,19910809,35,464.97,38000.0,33734.0,81.72570273350968,72.55091726347936
29170,10100,광주광역시 북구 중흥동 687-16번지,,제1종근린생활시설,0,19891229,37,197.56,7045.0,14426.0,35.66005264223527,73.02085442397247
29170,10100,광주광역시 북구 중흥동 687-17번지,,제1종근린생활시설,0,19910411,35,196.37,3757.0,8325.0,19.13225034373886,42.39445943881448
29170,10100,광주광역시 북구 중흥동 688-4번지,,제1종근린생활시설,1,19841224,42,494.38,17218.0,38875.0,34.8274606577936,78.63384441118168
29170,10100,광주광역시 북구 중흥동 688-15번지,,제1종근린생활시설,0,19920310,34,190.85,245.0,224.0,1.2837306785433586,1.1736966203824994
29170,10100,광주광역시 북구 중흥동 690-4번지,,제1종근린생활시설,0,19861215,40,189.67,6362.0,0.0,33.54246849791744,0.0
29170,10100,광주광역시 북구 중흥동 690-15번지,,제1종근린생활시설,0,19761200,50,196.31,27299.0,0.0,139.06066934949826,0.0
29170,10100,광주광역시 북구 중흥동 690-17번지,,제1종근린생활시설,0,19910416,35,136.8,2083.0,24971.0,15.226608187134502,182.53654970760232
29170,10100,광주광역시 북구 중흥동 690-26번지,,제1종근린생활시설,0,19930825,33,205.68,9554.0,16327.0,46.45079735511474,79.38059120964606
29170,10100,광주광역시 북구 중흥동 690-28번지,,제1종근린생활시설,0,19800604,46,197.82,350.0,0.0,1.7692852087756548,0.0
29170,10100,광주광역시 북구 중흥동 690-30번지,,제2종근린생활시설,0,19850926,41,429.93,7185.0,0.0,16.712022887446793,0.0
29170,10100,광주광역시 북구 중흥동 691-1번지,,제1종근린생활시설,0,19870512,39,198.6,23263.0,30304.0,117.134944612286,152.58811681772409
29170,10100,광주광역시 북구 중흥동 691-3번지,,제1종근린생활시설,3,19930702,33,383.417,7896.0,26695.0,20.593766056278152,69.6239342543497
29170,10100,광주광역시 북구 중흥동 692-1번지,,제1종근린생활시설,0,19861219,40,1275.63,39902.0,33330.0,31.280230160783297,26.128266033254153
29170,10100,광주광역시 북구 중흥동 692-2번지,,제2종근린생활시설,0,19940714,32,319.8,18454.0,0.0,57.70481550969355,0.0
29170,10100,광주광역시 북구 중흥동 692-3번지,,제2종근린생활시설,0,19920914,34,277.2,252.0,0.0,0.9090909090909092,0.0
29170,10100,광주광역시 북구 중흥동 692-5번지,,종교시설,0,19870410,39,3268.045,12434.0,0.0,3.8047211712201023,0.0
29170,10100,광주광역시 북구 중흥동 693-3번지,,노유자시설,0,19950615,31,787.91,42663.0,75167.0,54.14704725158965,95.40048990366921
29170,10100,광주광역시 북구 중흥동 693-4번지,,제1종근린생활시설,0,19911120,35,974.89,21464.0,2234.0,22.01684292586856,2.2915405840658947
29170,10100,광주광역시 북구 중흥동 693-5번지,,제1종근린생활시설,0,19940627,32,262.2,25805.0,0.0,98.41723874904653,0.0
29170,10100,광주광역시 북구 중흥동 693-11번지,,제2종근린생활시설,0,19901103,36,586.68,24590.0,0.0,41.91382014045136,0.0
29170,10100,광주광역시 북구 중흥동 693-13번지,,제2종근린생활시설,0,19910107,35,676.59,4107.0,0.0,6.070145878597082,0.0
29170,10100,광주광역시 북구 중흥동 693-16번지,,자동차관련시설,0,19850121,41,159.36,226.0,0.0,1.418172690763052,0.0
29170,10100,광주광역시 북구 중흥동 693-18번지,,제2종근린생활시설,0,19880128,38,199.1,17145.0,0.0,86.11250627825214,0.0
29170,10100,광주광역시 북구 중흥동 694-4번지,,제2종근린생활시설,0,19750704,51,278.0,9958.0,0.0,35.82014388489208,0.0
29170,10100,광주광역시 북구 중흥동 694-10번지,,업무시설,0,19890926,37,2065.69,85449.0,0.0,41.36583901747116,0.0
29170,10100,광주광역시 북구 중흥동 694-14번지,,제1종근린생활시설,0,19941018,32,148.5,7013.0,0.0,47.225589225589225,0.0
29170,10100,광주광역시 북구 중흥동 694-16번지,,숙박시설,0,19731219,53,158.67,2564.0,0.0,16.159324383941517,0.0
29170,10100,광주광역시 북구 중흥동 694-17번지,,제2종근린생활시설,0,19950811,31,97.8,3296.0,0.0,33.70143149284254,0.0
29170,10100,광주광역시 북구 중흥동 694-23번지,,위험물저장및처리시설,0,19940707,32,542.7,15522.0,0.0,28.601437258153673,0.0
29170,10100,광주광역시 북구 중흥동 695-3번지,,자동차관련시설,0,19831130,43,1042.14,2004.0,0.0,1.922966204156831,0.0
29170,10100,광주광역시 북구 중흥동 695-5번지,,업무시설,0,19940608,32,2919.68,149972.0,0.0,51.36590311266988,0.0
29170,10100,광주광역시 북구 중흥동 695-9번지,,업무시설,0,19931112,33,2381.98,105576.0,0.0,44.32279028371355,0.0
29170,10100,광주광역시 북구 중흥동 695-11번지,,숙박시설,0,19850718,41,1.0,19473.0,0.0,19473.0,0.0
29170,10100,광주광역시 북구 중흥동 695-13번지,,근린생활시설,0,19830412,43,135.02,13324.0,0.0,98.6816767886239,0.0
29170,10100,광주광역시 북구 중흥동 695-17번지,,제1종근린생활시설,0,19950817,31,205.92,20609.0,0.0,100.08255633255634,0.0
29170,10100,광주광역시 북구 중흥동 696-3번지,,제1종근린생활시설,0,19900219,36,928.33,13208.0,0.0,14.227699201792465,0.0
29170,10100,광주광역시 북구 중흥동 696-8번지,,제2종근린생활시설,0,19910417,35,481.76,34171.0,43271.0,70.92950846894719,89.81858186648954
29170,10100,광주광역시 북구 중흥동 696-13번지,,제1종근린생활시설,0,19900915,36,994.25,129185.0,0.0,129.93210963037464,0.0
29170,10100,광주광역시 북구 중흥동 696-17번지,,제1종근린생활시설,0,19900416,36,984.02,18869.0,0.0,19.1754232637548,0.0
29170,10100,광주광역시 북구 중흥동 697-3번지,,근린생활시설,0,19751008,51,278.1,24556.0,0.0,88.29917295936713,0.0
29170,10100,광주광역시 북구 중흥동 697-5번지,,숙박시설,0,19760305,50,197.68,12782.0,0.0,64.66005665722379,0.0
29170,10100,광주광역시 북구 중흥동 697-5번지,,제1종근린생활시설,0,19741011,52,197.68,12782.0,0.0,64.66005665722379,0.0
29170,10100,광주광역시 북구 중흥동 697-6번지,,제2종근린생활시설,0,19930825,33,517.8,2725.0,0.0,5.262649671687911,0.0
29170,10100,광주광역시 북구 중흥동 697-8번지,,제1종근린생활시설,0,19800205,46,194.92,2989.0,0.0,15.334496203570696,0.0
29170,10100,광주광역시 북구 중흥동 698-1번지,,제2종근린생활시설,0,19930625,33,264.9,12684.0,0.0,47.88221970554927,0.0
29170,10100,광주광역시 북구 중흥동 699-2번지,,업무시설,0,19950120,31,17630.995,863694.0,437301.0,48.98725227929564,24.802967728140132
29170,10100,광주광역시 북구 중흥동 700-5번지,,업무시설,0,19900420,36,10804.66,757492.0,0.0,70.10789788850367,0.0
29170,10100,광주광역시 북구 중흥동 700-8번지,,제2종근린생활시설,0,19921212,34,4381.0,469943.0,0.0,107.26843186487103,0.0
29170,10100,광주광역시 북구 중흥동 700-10번지,,제1종근린생활시설,0,19801027,46,882.42,45716.0,0.0,51.80752929444029,0.0
29170,10100,광주광역시 북구 중흥동 700-11번지,,제2종근린생활시설,0,19921231,34,302.64,28452.0,0.0,94.01268834258525,0.0
29170,10100,광주광역시 북구 중흥동 700-13번지,,제1종근린생활시설,0,19821229,44,92.57,3415.0,0.0,36.89100140434266,0.0
29170,10100,광주광역시 북구 중흥동 701-3번지,,제2종근린생활시설,0,19880531,38,191.33,4638.0,0.0,24.24084043276015,0.0
29170,10100,광주광역시 북구 중흥동 702-1번지,,제2종근린생활시설,0,19820922,44,52.21,2163.0,0.0,41.42884504884122,0.0
29170,10100,광주광역시 북구 중흥동 702-2번지,,제1종근린생활시설,0,19930219,33,242.25,12921.0,0.0,53.3374613003096,0.0
29170,10100,광주광역시 북구 중흥동 702-3번지,,제1종근린생활시설,0,19790615,47,5.4,24130.0,0.0,4468.518518518518,0.0
29170,10100,광주광역시 북구 중흥동 702-3번지,,제1종근린생활시설,0,19790615,47,281.34,24130.0,0.0,85.76810976043222,0.0
29170,10100,광주광역시 북구 중흥동 702-3번지,,제1종근린생활시설,0,19790615,47,649.15,24130.0,0.0,37.171686050989756,0.0
29170,10100,광주광역시 북구 중흥동 703-4번지,,종교시설,0,19840519,42,167.42,84021.0,165334.0,501.8576036315853,987.5403177637081
29170,10100,광주광역시 북구 중흥동 703-4번지,,종교시설,0,19950325,31,2802.56,84021.0,165334.0,29.98008963233615,58.9939198447134
29170,10100,광주광역시 북구 중흥동 704-3번지,,제2종근린생활시설,0,19880223,38,153.96,7655.0,0.0,49.72070667705897,0.0
29170,10100,광주광역시 북구 중흥동 704-5번지,,창고시설,0,19741011,52,505.62,29221.0,0.0,57.79241327479134,0.0
29170,10100,광주광역시 북구 중흥동 704-6번지,,업무시설,0,19941215,32,846.92,9818.0,0.0,11.59259434185047,0.0
29170,10100,광주광역시 북구 중흥동 704-7번지,,제2종근린생활시설,0,19830528,43,597.59,18661.0,0.0,31.227095500259374,0.0
29170,10100,광주광역시 북구 중흥동 704-8번지,,제2종근린생활시설,0,19800912,46,263.97,12132.0,0.0,45.95976815547221,0.0
29170,10100,광주광역시 북구 중흥동 704-10번지,,제1종근린생활시설,0,19930501,33,138.8,5312.0,0.0,38.27089337175792,0.0
29170,10100,광주광역시 북구 중흥동 704-11번지,,제2종근린생활시설,0,19910312,35,492.91,23069.0,0.0,46.80164735955854,0.0
29170,10100,광주광역시 북구 중흥동 704-13번지,,제1종근린생활시설,0,19900516,36,171.3,3540.0,0.0,20.665499124343256,0.0
29170,10100,광주광역시 북구 중흥동 704-14번지,,제1종근린생활시설,0,19900516,36,137.68,65.0,0.0,0.4721092388146426,0.0
29170,10100,광주광역시 북구 중흥동 705-1번지,,자동차관련시설,0,19820625,44,246.42,8520.0,0.0,34.575115656196736,0.0
29170,10100,광주광역시 북구 중흥동 705-3번지,,업무시설,0,19830314,43,991.77,29240.0,0.0,29.482642144852132,0.0
29170,10100,광주광역시 북구 중흥동 705-4번지,,창고시설,0,19831108,43,98.58,4080.0,0.0,41.38770541692027,0.0
29170,10100,광주광역시 북구 중흥동 705-5번지,,제1종근린생활시설,0,19880210,38,686.52,19303.0,0.0,28.11717065781041,0.0
29170,10100,광주광역시 북구 중흥동 705-6번지,,판매시설,0,19880415,38,3806.42,131046.0,0.0,34.427624907393295,0.0
29170,10100,광주광역시 북구 중흥동 706-3번지,,제1종근린생활시설,0,19871118,39,950.04,53174.0,0.0,55.970274935792176,0.0
29170,10100,광주광역시 북구 중흥동 706-4번지,,숙박시설,0,19860411,40,712.6,75829.0,0.0,106.4117316867808,0.0
29170,10100,광주광역시 북구 중흥동 707-8번지,,숙박시설,0,19860131,40,983.14,42105.0,76277.0,42.827064304168275,77.58508452509307
29170,10100,광주광역시 북구 중흥동 707-9번지,,자동차관련시설,0,19950902,31,4783.05,4855.0,0.0,1.0150427028778708,0.0
29170,10100,광주광역시 북구 중흥동 708-5번지,,제1종근린생활시설,0,19950206,31,124.3,12271.0,0.0,98.72083668543846,0.0
29170,10100,광주광역시 북구 중흥동 708-6번지,,제1종근린생활시설,0,19850917,41,249.66,10705.0,0.0,42.878314507730515,0.0
29170,10100,광주광역시 북구 중흥동 708-8번지,,숙박시설,0,19750530,51,182.14,7251.0,10928.0,39.810036235862526,59.9978038871198
29170,10100,광주광역시 북구 중흥동 708-9번지,,숙박시설,0,19770516,49,238.66,408.0,0.0,1.7095449593564067,0.0
29170,10100,광주광역시 북구 중흥동 708-13번지,,제1종근린생활시설,0,19750121,51,142.79,3965.0,3374.0,27.768050983962464,23.629105679669447
29170,10100,광주광역시 북구 중흥동 708-14번지,,제2종근린생활시설,0,19920724,34,399.14,6916.0,0.0,17.327253595229745,0.0
29170,10100,광주광역시 북구 중흥동 709-3번지,,제1종근린생활시설,0,19800319,46,999.03,18160.0,0.0,18.177632303334235,0.0
29170,10100,광주광역시 북구 중흥동 709-4번지,,제2종근린생활시설,0,19751125,51,391.73,98308.0,0.0,250.95856840170524,0.0
29170,10100,광주광역시 북구 중흥동 709-6번지,,문화및집회시설,0,19931006,33,3227.56,122293.0,0.0,37.89023286941219,0.0
29170,10100,광주광역시 북구 중흥동 709-7번지,,제2종근린생활시설,0,19830730,43,571.41,52237.0,82232.0,91.41772107593498,143.91067709700567
29170,10100,광주광역시 북구 중흥동 710-1번지,,숙박시설,0,19771207,49,819.49,39686.0,70782.0,48.427680630636125,86.37323213217977
29170,10100,광주광역시 북구 중흥동 710-3번지,,숙박시설,0,19860107,40,482.36,22785.0,0.0,47.23650385604113,0.0
29170,10100,광주광역시 북구 중흥동 710-6번지,,숙박시설,0,19851008,41,721.03,37600.0,69917.0,52.14762215164418,96.96822601001345
29170,10100,광주광역시 북구 중흥동 710-7번지,,숙박시설,0,19850314,41,532.05,26317.0,0.0,49.46339629734048,0.0
29170,10100,광주광역시 북구 중흥동 710-8번지,,숙박시설,0,19810112,45,0.0,40483.0,0.0,0.0,0.0
29170,10100,광주광역시 북구 중흥동 710-9번지,,제1종근린생활시설,0,19780805,48,777.82,30629.0,0.0,39.37800519400375,0.0
29170,10100,광주광역시 북구 중흥동 710-12번지,,제2종근린생활시설,0,19961115,30,323.64,20006.0,0.0,61.81559757755531,0.0
29170,10100,광주광역시 북구 중흥동 710-15번지,,숙박시설,0,19750703,51,323.61,27367.0,0.0,84.56784400976484,0.0
29170,10100,광주광역시 북구 중흥동 710-17번지,,숙박시설,0,19760227,50,280.96,10457.0,0.0,37.218821184510254,0.0
29170,10100,광주광역시 북구 중흥동 710-20번지,,제1종근린생활시설,0,19691202,57,248.83,33475.0,0.0,134.52959852107864,0.0
29170,10100,광주광역시 북구 중흥동 710-21번지,,제1종근린생활시설,0,19760312,50,120.32,660.0,0.0,5.485372340425532,0.0
29170,10100,광주광역시 북구 중흥동 710-24번지,,공장,0,19741227,52,100.82,5446.0,9834.0,54.01706010712161,97.54017060107122
29170,10100,광주광역시 북구 중흥동 710-26번지,,제1종근린생활시설,0,19750711,51,383.79,113.0,0.0,0.2944318507517132,0.0
29170,10100,광주광역시 북구 중흥동 710-27번지,,숙박시설,0,19790209,47,156.37,11303.0,19248.0,72.28368612905288,123.09266483340794
29170,10100,광주광역시 북구 중흥동 711-3번지,,제1종근린생활시설,0,19860515,40,1463.47,44170.0,0.0,30.18169145933979,0.0
29170,10100,광주광역시 북구 중흥동 711-7번지,,제2종근린생활시설,0,19950819,31,1096.0,34892.0,0.0,31.835766423357665,0.0
29170,10100,광주광역시 북구 중흥동 711-21번지,,제1종근린생활시설,0,19880419,38,1592.47,61192.0,0.0,38.42584161711053,0.0
29170,10100,광주광역시 북구 중흥동 712-2번지,,자동차관련시설,0,19910708,35,403.31,110903.0,0.0,274.9820237534403,0.0
29170,10100,광주광역시 북구 중흥동 712-3번지,,업무시설,0,19961112,30,12490.74,5162.0,0.0,0.413266147562114,0.0
29170,10100,광주광역시 북구 중흥동 713-2번지,,근린생활시설,0,19761203,50,711.38,61296.0,0.0,86.1649188900447,0.0
29170,10100,광주광역시 북구 중흥동 713-4번지,,근린생활시설,0,19750820,51,523.36,19622.0,45601.0,37.49235707734638,87.1312289819627
29170,10100,광주광역시 북구 중흥동 713-18번지,,제1종근린생활시설,0,19761211,50,116.35,2474.0,0.0,21.263429308122046,0.0
29170,10100,광주광역시 북구 중흥동 713-23번지,,제1종근린생활시설,0,19801216,46,487.72,20681.0,10204.0,42.40342819650619,20.921840400229637
29170,10100,광주광역시 북구 중흥동 713-31번지,,제2종근린생활시설,0,19900816,36,988.4,24845.0,22135.0,25.136584378794012,22.394779441521653
29170,10100,광주광역시 북구 중흥동 713-32번지,,의료시설,0,19781228,48,1985.49,0.0,31157.0,0.0,15.69234798462848
29170,10100,광주광역시 북구 중흥동 713-34번지,,창고시설,0,19941007,32,317.51,1908.0,0.0,6.009259550880287,0.0
29170,10100,광주광역시 북구 중흥동 714-5번지,,제1종근린생활시설,0,19910726,35,56.25,2519.0,0.0,44.782222222222224,0.0
29170,10100,광주광역시 북구 중흥동 714-15번지,,제1종근린생활시설,0,19901119,36,198.78,4382.0,5638.0,22.044471274776136,28.363014387765368
29170,10100,광주광역시 북구 중흥동 715-5번지,,,0,19940119,32,298.23,14722.0,29770.0,49.364584381182304,99.82228481373436
29170,10100,광주광역시 북구 중흥동 716-1번지,,제1종근린생활시설,0,19910812,35,197.55,1516.0,13128.0,7.674006580612502,66.4540622627183
29170,10100,광주광역시 북구 중흥동 716-3번지,,공장,0,19741115,52,193.38,7218.0,0.0,37.325473161650635,0.0
29170,10100,광주광역시 북구 중흥동 716-5번지,,창고시설,0,19960201,30,149.54,8165.0,10122.0,54.60077571218403,67.68757523070751
29170,10100,광주광역시 북구 중흥동 716-12번지,,제2종근린생활시설,0,19830628,43,85.305,792.0,0.0,9.284332688588007,0.0
29170,10100,광주광역시 북구 중흥동 717-6번지,,제1종근린생활시설,0,19720310,54,166.05,6154.0,9901.0,37.061126166817225,59.626618488407104
29170,10100,광주광역시 북구 중흥동 717-11번지,,제1종근린생활시설,0,19890615,37,333.586,10878.0,18115.0,32.6092821641196,54.303837691030196
29170,10100,광주광역시 북구 중흥동 717-17번지,,제1종근린생활시설,0,19811120,45,513.915,18939.0,0.0,36.852397770059255,0.0
29170,10100,광주광역시 북구 중흥동 717-26번지,,제1종근린생활시설,0,19730604,53,219.17,2105.0,0.0,9.604416662864443,0.0
29170,10100,광주광역시 북구 중흥동 717-42번지,,근린생활시설,0,19831216,43,444.89,27657.0,0.0,62.16592865652184,0.0
29170,10100,광주광역시 북구 중흥동 719-2번지,,제1종근린생활시설,0,19920123,34,237.25,11511.0,28813.0,48.518440463645945,121.44573234984193
29170,10100,광주광역시 북구 중흥동 719-6번지,,제2종근린생활시설,0,19891208,37,196.88,4251.0,10846.0,21.591832588378708,55.089394555058924
29170,10100,광주광역시 북구 중흥동 719-13번지,,제2종근린생활시설,0,19931120,33,154.83,7229.0,20487.0,46.689917974552735,132.31931796163533
29170,10100,광주광역시 북구 중흥동 719-17번지,,숙박시설,0,19881230,38,707.65,19276.0,0.0,27.23945453260793,0.0
29170,10100,광주광역시 북구 중흥동 719-28번지,,제2종근린생활시설,0,19810925,45,473.163,33240.0,0.0,70.2506324459013,0.0
29170,10100,광주광역시 북구 중흥동 719-31번지,,제2종근린생활시설,0,19941223,32,275.18,11403.0,27356.0,41.438331274075146,99.41129442546696
29170,10100,광주광역시 북구 중흥동 720-9번지,,제2종근린생활시설,0,19941104,32,134.68,3918.0,2515.0,29.09117909117909,18.673893673893673
29170,10100,광주광역시 북구 중흥동 720-18번지,,제1종근린생활시설,0,19880107,38,72.02,19012.0,1652.0,263.9822271591225,22.938072757567344
29170,10100,광주광역시 북구 중흥동 720-45번지,,숙박시설,0,19850600,41,800.4,9656.0,30503.0,12.063968015992005,38.10969515242379
29170,10100,광주광역시 북구 중흥동 721-5번지,,근린생활시설,0,19810319,45,598.735,58059.0,0.0,96.96944391091218,0.0
29170,10100,광주광역시 북구 중흥동 721-5번지,,제2종근린생활시설,0,19810319,45,477.735,58059.0,0.0,121.52971835850418,0.0
29170,10100,광주광역시 북구 중흥동 721-6번지,,제2종근린생활시설,0,19771215,49,417.51,16949.0,0.0,40.59543483988408,0.0
29170,10100,광주광역시 북구 중흥동 721-8번지,,교육연구시설,0,19810319,45,1138.17,120291.0,208132.0,105.68807823084424,182.86547703770086
29170,10100,광주광역시 북구 중흥동 721-11번지,,제2종근린생활시설,0,19780330,48,770.95,23451.0,0.0,30.418315065827873,0.0
29170,10100,광주광역시 북구 중흥동 721-13번지,,제2종근린생활시설,0,19751119,51,467.41,177615.0,0.0,379.99828844055537,0.0
29170,10100,광주광역시 북구 중흥동 721-14번지,,제2종근린생활시설,0,19831004,43,1055.07,77138.0,0.0,73.11173666202242,0.0
29170,10100,광주광역시 북구 중흥동 721-16번지,,숙박시설,0,19780106,48,1455.85,119362.0,6134.0,81.98784215406808,4.213346155167085
29170,10100,광주광역시 북구 중흥동 721-17번지,,제2종근린생활시설,0,19770108,49,630.07,59797.0,52974.0,94.90532797943085,84.07637246655133
29170,10100,광주광역시 북구 중흥동 721-19번지,,제1종근린생활시설,0,19930430,33,271.84,6092.0,0.0,22.410241318422603,0.0
29170,10100,광주광역시 북구 중흥동 723-2번지,,창고시설,0,19921103,34,110.64,2043.0,0.0,18.46529284164859,0.0
29170,10100,광주광역시 북구 중흥동 740-10번지,,제1종근린생활시설,0,19811229,45,613.82,20855.0,0.0,33.97575836564465,0.0
29170,10100,광주광역시 북구 중흥동 744-18번지,,제2종근린생활시설,0,19930811,33,233.35,3866.0,4049.0,16.567388043711166,17.351617741589887
29170,10100,광주광역시 북구 중흥동 744-26번지,,제1종근린생활시설,0,19890513,37,168.52,5363.0,5556.0,31.824115831948728,32.969380488962734
29170,10100,광주광역시 북구 중흥동 745-7번지,,노유자시설,0,19861126,40,843.61,1729.0,0.0,2.0495252545607565,0.0
29170,10100,광주광역시 북구 중흥동 745-30번지,,제1종근린생활시설,0,19870831,39,198.54,1695.0,0.0,8.53732245391357,0.0
29170,10100,광주광역시 북구 중흥동 745-32번지,,제1종근린생활시설,0,19930105,33,154.08,40372.0,0.0,262.0197300103842,0.0
29170,10100,광주광역시 북구 중흥동 747-6번지,,제1종근린생활시설,0,19930802,33,494.06,24687.0,0.0,49.967615269400476,0.0
29170,10100,광주광역시 북구 중흥동 748-9번지,,제1종근린생활시설,0,19900716,36,156.16,7710.0,7022.0,49.372438524590166,44.966700819672134
29170,10100,광주광역시 북구 중흥동 749-15번지,,제1종근린생활시설,0,19911125,35,112.85,8027.0,13677.0,71.1298183429331,121.19627824545859
29170,10100,광주광역시 북구 중흥동 750-3번지,,창고시설,0,19750912,51,298.18,1524.0,0.0,5.1110067744315515,0.0
29170,10100,광주광역시 북구 중흥동 751-17번지,,제1종근린생활시설,0,19911219,35,199.32,12618.0,12124.0,63.305237808549066,60.82681115793699
29170,10100,광주광역시 북구 중흥동 751-22번지,,노유자시설,0,19750327,51,78.99,2627.0,17324.0,33.2573743511837,219.3189011267249
29170,10100,광주광역시 북구 중흥동 751-37번지,,제1종근린생활시설,0,19940622,32,296.56,16580.0,0.0,55.90774210952252,0.0
29170,10100,광주광역시 북구 중흥동 802-28번지,,제2종근린생활시설,0,19830107,43,672.63,80002.0,0.0,118.93908984136895,0.0
29170,10100,광주광역시 북구 중흥동 802-39번지,,제2종근린생활시설,0,19831223,43,654.32,32742.0,28055.0,50.03973590903533,42.876574153319474
29170,10100,광주광역시 북구 중흥동 802-46번지,,제2종근린생활시설,0,19880819,38,398.51,10904.0,0.0,27.3619231637851,0.0
29170,10100,광주광역시 북구 중흥동 802-60번지,,제2종근린생활시설,0,19890829,37,402.54,10035.0,0.0,24.92919958265017,0.0
29170,10100,광주광역시 북구 중흥동 802-66번지,,제1종근린생활시설,0,19930721,33,152.86,11071.0,12733.0,72.42574905141959,83.29844301975663
29170,10100,광주광역시 북구 중흥동 802-133번지,,제1종근린생활시설,0,19830124,43,124.3,2345.0,10144.0,18.865647626709574,81.60901045856798
29170,10100,광주광역시 북구 중흥동 802-135번지,,제2종근린생활시설,0,19830602,43,358.71,14192.0,0.0,39.56399319784784,0.0
29170,10100,광주광역시 북구 중흥동 803-1번지,,제1종근린생활시설,0,19771102,49,140.82,21596.0,19470.0,153.35889788382332,138.26161056668087
29170,10100,광주광역시 북구 중흥동 803-3번지,,제2종근린생활시설,0,19900830,36,64.4,689.0,0.0,10.698757763975154,0.0
29170,10100,광주광역시 북구 중흥동 803-4번지,,창고시설,0,19791106,47,1.8,8068.0,9780.0,4482.222222222222,5433.333333333333
29170,10100,광주광역시 북구 중흥동 803-4번지,,제1종근린생활시설,0,19791106,47,154.32,8068.0,9780.0,52.28097459823743,63.374805598755835
29170,10100,광주광역시 북구 중흥동 803-4번지,,제1종근린생활시설,0,19791106,47,1.62,8068.0,9780.0,4980.246913580247,6037.0370370370365
29170,10100,광주광역시 북구 중흥동 803-21번지,,제1종근린생활시설,0,19791106,47,154.32,4175.0,0.0,27.05417314670814,0.0
29170,10100,광주광역시 북구 중흥동 804-15번지,,제2종근린생활시설,0,19741230,52,80.78,590.0,0.0,7.303788066353057,0.0
29170,10100,광주광역시 북구 중흥동 804-16번지,,제1종근린생활시설,0,19821213,44,184.81,27569.0,7769.0,149.17482820193712,42.03776851901954
29170,10100,광주광역시 북구 중흥동 805-4번지,,제1종근린생활시설,0,19910531,35,140.2,10191.0,0.0,72.68901569186876,0.0
29170,10100,광주광역시 북구 중흥동 805-10번지,,제2종근린생활시설,0,19840428,42,910.21,32748.0,0.0,35.97851045363158,0.0
29170,10100,광주광역시 북구 중흥동 805-15번지,,제1종근린생활시설,0,19770920,49,117.99,7072.0,10956.0,59.93728282057802,92.85532672260362
29170,10100,광주광역시 북구 중흥동 806-1번지,,제2종근린생활시설,0,19910202,35,1852.75,107235.0,0.0,57.8788287680475,0.0
29170,10100,광주광역시 북구 중흥동 806-3번지,,제1종근린생활시설,0,19890629,37,494.94,7197.0,6547.0,14.541156503818645,13.227866003960076
29170,10100,광주광역시 북구 중흥동 806-7번지,,제2종근린생활시설,0,19870911,39,198.68,11274.0,0.0,56.74451379102074,0.0
29170,10100,광주광역시 북구 중흥동 806-13번지,,제2종근린생활시설,0,19940308,32,484.08,10414.0,7784.0,21.512973062303754,16.079986779044788
29170,10100,광주광역시 북구 중흥동 806-20번지,,제1종근린생활시설,0,19880520,38,201.34,5220.0,4895.0,25.92629383133009,24.3121088705672
29170,10100,광주광역시 북구 중흥동 806-27번지,,제1종근린생활시설,0,19891129,37,194.59,11115.0,1836.0,57.12009866899635,9.435222776093324
29170,10200,광주광역시 북구 유동 1-9번지,,제2종근린생활시설,0,19960911,30,299.0,6081.0,0.0,20.337792642140467,0.0
29170,10200,광주광역시 북구 유동 1-20번지,,제2종근린생활시설,0,19891227,37,764.02,63112.0,0.0,82.60516740399466,0.0
29170,10200,광주광역시 북구 유동 1-22번지,,제1종근린생활시설,0,19940730,32,127.86,8514.0,0.0,66.5884561238855,0.0
29170,10200,광주광역시 북구 유동 1-28번지,,제1종근린생활시설,0,19940124,32,56.79,3543.0,0.0,62.387744321183305,0.0
29170,10200,광주광역시 북구 유동 1-41번지,,제1종근린생활시설,0,19740418,52,113.04,1934.0,0.0,17.10898796886058,0.0
29170,10200,광주광역시 북구 유동 2-8번지,,제2종근린생활시설,0,19900712,36,367.79,5039.0,9702.0,13.700753147176377,26.37918377334892
29170,10200,광주광역시 북구 유동 2-9번지,,제1종근린생활시설,0,19940503,32,106.41,2934.0,0.0,27.57259656047364,0.0
29170,10200,광주광역시 북구 유동 2-10번지,,제1종근린생활시설,0,19920327,34,716.534,27800.0,14539.0,38.79787979356178,20.290732889158086
29170,10200,광주광역시 북구 유동 2-12번지,,제1종근린생활시설,0,19890529,37,494.17,9955.0,3997.0,20.14488941052674,8.088309690997026
29170,10200,광주광역시 북구 유동 2-13번지,,제1종근린생활시설,0,19910913,35,609.68,12356.0,21651.0,20.266369242881513,35.512071906573944
29170,10200,광주광역시 북구 유동 2-15번지,,제1종근린생활시설,0,19911011,35,52.27,2724.0,0.0,52.11402334034819,0.0
29170,10200,광주광역시 북구 유동 3-1번지,,제1종근린생활시설,0,19961204,30,250.21,2361.0,0.0,9.436073698093601,0.0
29170,10200,광주광역시 북구 유동 3-3번지,,제2종근린생활시설,0,19850902,41,201.78,10990.0,0.0,54.46525919318069,0.0
29170,10200,광주광역시 북구 유동 3-3번지,,제2종근린생활시설,0,19850902,41,420.66,10990.0,0.0,26.125612133314313,0.0
29170,10200,광주광역시 북구 유동 4-11번지,,제1종근린생활시설,0,19720509,54,44.57,3494.0,0.0,78.39353825443123,0.0
29170,10200,광주광역시 북구 유동 5-5번지,,제1종근린생활시설,0,19950412,31,402.36,5596.0,0.0,13.907943135500547,0.0
29170,10200,광주광역시 북구 유동 6-1번지,,제2종근린생활시설,0,19921029,34,443.75,15710.0,14469.0,35.40281690140845,32.606197183098594
29170,10200,광주광역시 북구 유동 6-3번지,,제2종근린생활시설,0,19940805,32,592.8,40442.0,31729.0,68.22199730094468,53.523954116059386
29170,10200,광주광역시 북구 유동 6-7번지,,공장,0,19951027,31,91.48,2490.0,0.0,27.219064276344554,0.0
29170,10200,광주광역시 북구 유동 6-23번지,,제2종근린생활시설,0,19880729,38,625.63,20840.0,11925.0,33.31042309352173,19.060786726979206
29170,10200,광주광역시 북구 유동 7-1번지,,제1종근린생활시설,0,19911231,35,197.38,13462.0,33576.0,68.20346539669673,170.10842030600872
29170,10200,광주광역시 북구 유동 7-4번지,,제2종근린생활시설,0,19900601,36,113.28,6919.0,29717.0,61.07874293785311,262.33227401129943
29170,10200,광주광역시 북구 유동 7-11번지,,제2종근린생활시설,0,19901123,36,839.6,43848.0,22042.0,52.22486898523106,26.252977608384946
29170,10200,광주광역시 북구 유동 7-12번지,,제1종근린생활시설,0,19960204,30,89.98,2443.0,3300.0,27.150477883974215,36.67481662591687
29170,10200,광주광역시 북구 유동 8-2번지,,제1종근린생활시설,0,19930909,33,1008.7,36977.0,0.0,36.6580747496778,0.0
29170,10200,광주광역시 북구 유동 9-2번지,,제1종근린생활시설,0,19900903,36,171.1,3372.0,0.0,19.707773232028053,0.0
29170,10200,광주광역시 북구 유동 9-5번지,,제2종근린생활시설,0,19900419,36,468.6,32177.0,0.0,68.66623986342296,0.0
29170,10200,광주광역시 북구 유동 9-6번지,,제1종근린생활시설,0,19870827,39,492.64,12510.0,9574.0,25.393796687236115,19.434069503085418
29170,10200,광주광역시 북구 유동 9-11번지,,제1종근린생활시설,0,19850628,41,36.48,2194.0,708.0,60.14254385964913,19.407894736842106
29170,10200,광주광역시 북구 유동 10-3번지,,제1종근린생활시설,0,19791219,47,385.14,21485.0,0.0,55.78490938360077,0.0
29170,10200,광주광역시 북구 유동 10-5번지,,제1종근린생활시설,0,19851130,41,184.84,23.0,0.0,0.12443194113828175,0.0
29170,10200,광주광역시 북구 유동 10-29번지,,제1종근린생활시설,0,19800728,46,493.06,45543.0,0.0,92.36806879487284,0.0
29170,10200,광주광역시 북구 유동 10-31번지,,제1종근린생활시설,0,19960406,30,129.44,4782.0,0.0,36.94375772558715,0.0
29170,10200,광주광역시 북구 유동 10-36번지,,제1종근린생활시설,0,19930302,33,28.15,563.0,0.0,20.0,0.0
